Neighborhood,categories,hasPerk,id,location.address,location.cc,location.city,location.country,location.crossStreet,location.distance,location.formattedAddress,location.labeledLatLngs,location.lat,location.lng,location.postalCode,location.state,name,referralId,venuePage.id,Rating
Mount Pleasant,"[{'id': '4bf58dd8d48988d110941735', 'name': 'Italian Restaurant', 'pluralName': 'Italian Restaurants', 'shortName': 'Italian', 'icon': {'prefix': 'https://ss3.4sqi.net/img/categories_v2/food/italian_', 'suffix': '.png'}, 'primary': True}]",False,4dbf5ef81e72dd48b1f1a22c,765 Beatty Street,CA,Vancouver,Canada,btw Robson and Georgia,1985,"['765 Beatty Street (btw Robson and Georgia)', 'Vancouver BC V6B 2M4', 'Canada']","[{'label': 'display', 'lat': 49.27805152154088, 'lng': -123.11325794229262}]",49.27805152154088,-123.11325794229262,V6B 2M4,BC,Frankies Italian Kitchen,v-1563626114,,7.4
Mount Pleasant,"[{'id': '4bf58dd8d48988d16d941735', 'name': 'Café', 'pluralName': 'Cafés', 'shortName': 'Café', 'icon': {'prefix': 'https://ss3.4sqi.net/img/categories_v2/food/cafe_', 'suffix': '.png'}, 'primary': True}]",False,5525cd05498e7bd6f8284262,101 Robson St,CA,Vancouver,Canada,Beatty,1999,"['101 Robson St (Beatty)', 'Vancouver BC', 'Canada']","[{'label': 'display', 'lat': 49.27767942533999, 'lng': -123.11403646249565}]",49.27767942533999,-123.11403646249565,,BC,Sciue Italian Bakery And Caffee,v-1563626114,,7.0
Mount Pleasant,"[{'id': '4bf58dd8d48988d16d941735', 'name': 'Café', 'pluralName': 'Cafés', 'shortName': 'Café', 'icon': {'prefix': 'https://ss3.4sqi.net/img/categories_v2/food/cafe_', 'suffix': '.png'}, 'primary': True}]",False,4aa92e4df964a520525220e3,126 Davie St.,CA,Vancouver,Canada,btwn Pacific Blvd. & Marinaside Crescent,2194,"['126 Davie St. (btwn Pacific Blvd. & Marinaside Crescent)', 'Vancouver BC V6Z 2Y1', 'Canada']","[{'label': 'display', 'lat': 49.27360431864816, 'lng': -123.12102746915714}]",49.27360431864816,-123.12102746915714,V6Z 2Y1,BC,Sciué Italian Bakery Caffé,v-1563626114,,7.7
Mount Pleasant,[],False,557da51b498e1a9640244f08,,CA,Vancouver,Canada,,1724,"['Vancouver BC', 'Canada']","[{'label': 'display', 'lat': 49.26780795135773, 'lng': -123.06963658873987}]",49.26780795135773,-123.06963658873987,,BC,Italian Day commercial drive,v-1563626114,,-1.0
Mount Pleasant,"[{'id': '4bf58dd8d48988d1ff941735', 'name': 'Miscellaneous Shop', 'pluralName': 'Miscellaneous Shops', 'shortName': 'Shop', 'icon': {'prefix': 'https://ss3.4sqi.net/img/categories_v2/shops/default_', 'suffix': '.png'}, 'primary': True}]",False,4d3cbbe76e0aa1cd8ebbe52c,,CA,,Canada,,1768,['Canada'],"[{'label': 'display', 'lat': 49.279090572778045, 'lng': -123.10684857317382}]",49.279090572778045,-123.10684857317382,,,Italian Shoe Master,v-1563626114,,-1.0
Mount Pleasant,"[{'id': '4bf58dd8d48988d111951735', 'name': 'Jewelry Store', 'pluralName': 'Jewelry Stores', 'shortName': 'Jewelry', 'icon': {'prefix': 'https://ss3.4sqi.net/img/categories_v2/shops/jewelry_', 'suffix': '.png'}, 'primary': True}]",False,5129bee6e4b096ae4d2327fd,,CA,,Canada,,1793,['Canada'],"[{'label': 'display', 'lat': 49.278870626284906, 'lng': -123.10792696736199}]",49.278870626284906,-123.10792696736199,,,Italian Diamond Factory,v-1563626114,,-1.0
Mount Pleasant,"[{'id': '4bf58dd8d48988d146941735', 'name': 'Deli / Bodega', 'pluralName': 'Delis / Bodegas', 'shortName': 'Deli / Bodega', 'icon': {'prefix': 'https://ss3.4sqi.net/img/categories_v2/food/deli_', 'suffix': '.png'}, 'primary': True}]",False,4f440db1e4b08c6c29a33de6,Princess,CA,Vancouver,Canada,Union,1292,"['Princess (Union)', 'Vancouver BC', 'Canada']","[{'label': 'display', 'lat': 49.27750737720035, 'lng': -123.09166467497332}]",49.27750737720035,-123.09166467497332,,BC,Benny's italian,v-1563626114,,-1.0
Mount Pleasant,"[{'id': '4bf58dd8d48988d124951735', 'name': 'Automotive Shop', 'pluralName': 'Automotive Shops', 'shortName': 'Automotive', 'icon': {'prefix': 'https://ss3.4sqi.net/img/categories_v2/shops/automotive_', 'suffix': '.png'}, 'primary': True}]",False,4dfbcc841f6e91394d352efb,620 Clarke Dr.,CA,Vancouver,Canada,,2133,"['620 Clarke Dr.', 'Vancouver BC V5L 3H8', 'Canada']","[{'label': 'display', 'lat': 49.281695, 'lng': -123.076489}]",49.281695,-123.076489,V5L 3H8,BC,Italian Motors Ltd.,v-1563626114,,-1.0
Mount Pleasant,"[{'id': '4bf58dd8d48988d116941735', 'name': 'Bar', 'pluralName': 'Bars', 'shortName': 'Bar', 'icon': {'prefix': 'https://ss3.4sqi.net/img/categories_v2/nightlife/pub_', 'suffix': '.png'}, 'primary': True}]",False,526d9a8f498e5b63d9118a50,,CA,,Canada,,1872,['Canada'],"[{'label': 'display', 'lat': 49.27780358893573, 'lng': -123.11147870769443}]",49.27780358893573,-123.11147870769443,,,Frankie's Italian Kitchen + Bar,v-1563626114,,-1.0
Mount Pleasant,"[{'id': '4bf58dd8d48988d146941735', 'name': 'Deli / Bodega', 'pluralName': 'Delis / Bodegas', 'shortName': 'Deli / Bodega', 'icon': {'prefix': 'https://ss3.4sqi.net/img/categories_v2/food/deli_', 'suffix': '.png'}, 'primary': True}]",False,4f9f06f3e4b0614494d832ea,621 Main St,CA,,Canada,,1517,"['621 Main St', 'Canada']","[{'label': 'display', 'lat': 49.278884, 'lng': -123.099744}]",49.278884,-123.099744,,,Todo- Italian ingredient,v-1563626114,,-1.0
Mount Pleasant,"[{'id': '4bf58dd8d48988d127951735', 'name': 'Arts & Crafts Store', 'pluralName': 'Arts & Crafts Stores', 'shortName': 'Arts & Crafts', 'icon': {'prefix': 'https://ss3.4sqi.net/img/categories_v2/shops/artstore_', 'suffix': '.png'}, 'primary': True}]",False,50e8a0c5e4b09c384292dc12,88 Pender St W Suite 1073,CA,Vancouver,Canada,,1874,"['88 Pender St W Suite 1073', 'Vancouver BC', 'Canada']","[{'label': 'display', 'lat': 49.28023748900084, 'lng': -123.1068320661716}]",49.28023748900084,-123.1068320661716,,BC,Marko's italian shoe doctor,v-1563626114,,-1.0
Mount Pleasant,"[{'id': '4bf58dd8d48988d1f8941735', 'name': 'Furniture / Home Store', 'pluralName': 'Furniture / Home Stores', 'shortName': 'Furniture / Home', 'icon': {'prefix': 'https://ss3.4sqi.net/img/categories_v2/shops/furniture_', 'suffix': '.png'}, 'primary': True}]",False,4d40d2caadb6236ad41a8c40,1028 Mainland Street,CA,Vancouver,Canada,,2224,"['1028 Mainland Street', 'Vancouver BC V6b2t4', 'Canada']","[{'label': 'display', 'lat': 49.27595330095783, 'lng': -123.11970382883372}]",49.27595330095783,-123.11970382883372,V6b2t4,BC,Italinteriors,v-1563626114,,-1.0
Mount Pleasant,"[{'id': '4bf58dd8d48988d130941735', 'name': 'Building', 'pluralName': 'Buildings', 'shortName': 'Building', 'icon': {'prefix': 'https://ss3.4sqi.net/img/categories_v2/building/default_', 'suffix': '.png'}, 'primary': True}]",False,4f1630ebe4b09e58a5c643ca,500 - 510 W Hastings,CA,Vancouver,Canada,,1936,"['500 - 510 W Hastings', 'Vancouver BC', 'Canada']","[{'label': 'display', 'lat': 49.278558767573905, 'lng': -123.11154281061908}]",49.278558767573905,-123.11154281061908,,BC,Istituto Italiano di Cultura,v-1563626114,,-1.0
Mount Pleasant,"[{'id': '4bf58dd8d48988d110941735', 'name': 'Italian Restaurant', 'pluralName': 'Italian Restaurants', 'shortName': 'Italian', 'icon': {'prefix': 'https://ss3.4sqi.net/img/categories_v2/food/italian_', 'suffix': '.png'}, 'primary': True}]",False,4d02ea3a28926ea81da162c2,656 West Broadway,CA,Vancouver,Canada,,1866,"['656 West Broadway', 'Vancouver BC V5Z 1G1', 'Canada']","[{'label': 'display', 'lat': 49.263337, 'lng': -123.118587}]",49.263337,-123.118587,V5Z 1G1,BC,Via Veneto Ristorante Italiano,v-1563626114,,-1.0
Mount Pleasant,"[{'id': '4bf58dd8d48988d110941735', 'name': 'Italian Restaurant', 'pluralName': 'Italian Restaurants', 'shortName': 'Italian', 'icon': {'prefix': 'https://ss3.4sqi.net/img/categories_v2/food/italian_', 'suffix': '.png'}, 'primary': True}]",False,4b722a80f964a52020722de3,1537 Commercial Drive,CA,Vancouver,Canada,,1775,"['1537 Commercial Drive', 'Vancouver BC V5L 3Y1', 'Canada']","[{'label': 'display', 'lat': 49.27090872824427, 'lng': -123.06997153087221}]",49.27090872824427,-123.06997153087221,V5L 3Y1,BC,Arriva Restaurante Italiano,v-1563626114,,-1.0
Downtown,"[{'id': '4bf58dd8d48988d110941735', 'name': 'Italian Restaurant', 'pluralName': 'Italian Restaurants', 'shortName': 'Italian', 'icon': {'prefix': 'https://ss3.4sqi.net/img/categories_v2/food/italian_', 'suffix': '.png'}, 'primary': True}]",False,4dbf5ef81e72dd48b1f1a22c,765 Beatty Street,CA,Vancouver,Canada,btw Robson and Georgia,533,"['765 Beatty Street (btw Robson and Georgia)', 'Vancouver BC V6B 2M4', 'Canada']","[{'label': 'display', 'lat': 49.27805152154088, 'lng': -123.11325794229262}]",49.27805152154088,-123.11325794229262,V6B 2M4,BC,Frankies Italian Kitchen,v-1563626115,,7.4
Downtown,"[{'id': '4bf58dd8d48988d110941735', 'name': 'Italian Restaurant', 'pluralName': 'Italian Restaurants', 'shortName': 'Italian', 'icon': {'prefix': 'https://ss3.4sqi.net/img/categories_v2/food/italian_', 'suffix': '.png'}, 'primary': True}]",False,4aa7d4e7f964a520724d20e3,1037 Alberni St.,CA,Vancouver,Canada,btwn Burrard & Thurlow,428,"['1037 Alberni St. (btwn Burrard & Thurlow)', 'Vancouver BC V6E 1A1', 'Canada']","[{'label': 'display', 'lat': 49.28442495040121, 'lng': -123.12218875251006}]",49.28442495040121,-123.12218875251006,V6E 1A1,BC,Italian Kitchen,v-1563626115,,7.9
Downtown,"[{'id': '4bf58dd8d48988d16d941735', 'name': 'Café', 'pluralName': 'Cafés', 'shortName': 'Café', 'icon': {'prefix': 'https://ss3.4sqi.net/img/categories_v2/food/cafe_', 'suffix': '.png'}, 'primary': True}]",False,50feceb2e4b02b4f6a0d0cb2,885 West Georgia,CA,Vancouver,Canada,Hornby,266,"['885 West Georgia (Hornby)', 'Vancouver BC', 'Canada']","[{'label': 'display', 'lat': 49.28375315195239, 'lng': -123.11978217422548}]",49.28375315195239,-123.11978217422548,,BC,Sciue Italian Bakery Cafe,v-1563626115,,-1.0
Downtown,"[{'id': '4bf58dd8d48988d16d941735', 'name': 'Café', 'pluralName': 'Cafés', 'shortName': 'Café', 'icon': {'prefix': 'https://ss3.4sqi.net/img/categories_v2/food/cafe_', 'suffix': '.png'}, 'primary': True}]",False,5525cd05498e7bd6f8284262,101 Robson St,CA,Vancouver,Canada,Beatty,530,"['101 Robson St (Beatty)', 'Vancouver BC', 'Canada']","[{'label': 'display', 'lat': 49.27767942533999, 'lng': -123.11403646249565}]",49.27767942533999,-123.11403646249565,,BC,Sciue Italian Bakery And Caffee,v-1563626115,,7.0
Downtown,"[{'id': '4bf58dd8d48988d16d941735', 'name': 'Café', 'pluralName': 'Cafés', 'shortName': 'Café', 'icon': {'prefix': 'https://ss3.4sqi.net/img/categories_v2/food/cafe_', 'suffix': '.png'}, 'primary': True}]",False,4aa92e4df964a520525220e3,126 Davie St.,CA,Vancouver,Canada,btwn Pacific Blvd. & Marinaside Crescent,914,"['126 Davie St. (btwn Pacific Blvd. & Marinaside Crescent)', 'Vancouver BC V6Z 2Y1', 'Canada']","[{'label': 'display', 'lat': 49.27360431864816, 'lng': -123.12102746915714}]",49.27360431864816,-123.12102746915714,V6Z 2Y1,BC,Sciué Italian Bakery Caffé,v-1563626115,,7.7
Downtown,"[{'id': '4bf58dd8d48988d110941735', 'name': 'Italian Restaurant', 'pluralName': 'Italian Restaurants', 'shortName': 'Italian', 'icon': {'prefix': 'https://ss3.4sqi.net/img/categories_v2/food/italian_', 'suffix': '.png'}, 'primary': True}]",False,5a0cf72a3d479150f4bf65ba,860 Burrard St,CA,Vancouver,Canada,,412,"['860 Burrard St', 'Vancouver BC V6Z', 'Canada']","[{'label': 'display', 'lat': 49.28281086641633, 'lng': -123.12355244527359}]",49.28281086641633,-123.12355244527359,V6Z,BC,Italian Kitchen,v-1563626115,,6.4
Downtown,"[{'id': '4bf58dd8d48988d110941735', 'name': 'Italian Restaurant', 'pluralName': 'Italian Restaurants', 'shortName': 'Italian', 'icon': {'prefix': 'https://ss3.4sqi.net/img/categories_v2/food/italian_', 'suffix': '.png'}, 'primary': True}]",False,5c9bfdcebed483002cd08417,Davie st,CA,Vancouver,Canada,Burrard st,905,"['Davie st (Burrard st)', 'Vancouver BC V6E 1M5', 'Canada']","[{'label': 'display', 'lat': 49.279922, 'lng': -123.13038}]",49.279922,-123.13038,V6E 1M5,BC,Italian Tomato,v-1563626115,,-1.0
Downtown,"[{'id': '4bf58dd8d48988d110941735', 'name': 'Italian Restaurant', 'pluralName': 'Italian Restaurants', 'shortName': 'Italian', 'icon': {'prefix': 'https://ss3.4sqi.net/img/categories_v2/food/italian_', 'suffix': '.png'}, 'primary': True}]",False,55957fcf498e8f669894ca53,1015 Burrard Street,CA,Vancouver,Canada,Comox Street,624,"['1015 Burrard Street (Comox Street)', 'Vancouver BC V6Z', 'Canada']","[{'label': 'display', 'lat': 49.28085258399596, 'lng': -123.1267084816111}]",49.28085258399596,-123.1267084816111,V6Z,BC,C-Prime Modern Italian Steak & Wine,v-1563626115,,-1.0
Downtown,"[{'id': '4bf58dd8d48988d16a941735', 'name': 'Bakery', 'pluralName': 'Bakeries', 'shortName': 'Bakery', 'icon': {'prefix': 'https://ss3.4sqi.net/img/categories_v2/food/bakery_', 'suffix': '.png'}, 'primary': True}]",False,4aad5fd7f964a520f75f20e3,800 West Pender St.,CA,Vancouver,Canada,at Howe St.,445,"['800 West Pender St. (at Howe St.)', 'Vancouver BC V6C 1J8', 'Canada']","[{'label': 'display', 'lat': 49.28534805490103, 'lng': -123.11603075667476}]",49.28534805490103,-123.11603075667476,V6C 1J8,BC,Sciué Italian Bakery Caffé,v-1563626115,,6.8
Downtown,"[{'id': '4bf58dd8d48988d16d941735', 'name': 'Café', 'pluralName': 'Cafés', 'shortName': 'Café', 'icon': {'prefix': 'https://ss3.4sqi.net/img/categories_v2/food/cafe_', 'suffix': '.png'}, 'primary': True}]",False,4eefc782d5fbe9f4b1f525f5,1115 Melville St.,CA,Vancouver,Canada,Thurlow St.,655,"['1115 Melville St. (Thurlow St.)', 'Vancouver BC V6E 0A7', 'Canada']","[{'label': 'display', 'lat': 49.2867927085584, 'lng': -123.12244195945912}]",49.2867927085584,-123.12244195945912,V6E 0A7,BC,Sciué Italian Bakery Caffé,v-1563626115,,7.8
Downtown,"[{'id': '4bf58dd8d48988d124941735', 'name': 'Office', 'pluralName': 'Offices', 'shortName': 'Office', 'icon': {'prefix': 'https://ss3.4sqi.net/img/categories_v2/building/default_', 'suffix': '.png'}, 'primary': True}]",False,4edf9e2e02d54f50bc4f8ee4,405 - 889 West Pender Street,CA,Vancouver,Canada,,516,"['405 - 889 West Pender Street', 'Vancouver BC V6C 3B2', 'Canada']","[{'label': 'display', 'lat': 49.28611602207501, 'lng': -123.11653503034256}]",49.28611602207501,-123.11653503034256,V6C 3B2,BC,Italian Chamber Of Commerce In Canada - West,v-1563626115,,-1.0
Downtown,"[{'id': '4bf58dd8d48988d116941735', 'name': 'Bar', 'pluralName': 'Bars', 'shortName': 'Bar', 'icon': {'prefix': 'https://ss3.4sqi.net/img/categories_v2/nightlife/pub_', 'suffix': '.png'}, 'primary': True}]",False,526d9a8f498e5b63d9118a50,,CA,,Canada,,644,['Canada'],"[{'label': 'display', 'lat': 49.27780358893573, 'lng': -123.11147870769443}]",49.27780358893573,-123.11147870769443,,,Frankie's Italian Kitchen + Bar,v-1563626115,,-1.0
Downtown,"[{'id': '4bf58dd8d48988d111951735', 'name': 'Jewelry Store', 'pluralName': 'Jewelry Stores', 'shortName': 'Jewelry', 'icon': {'prefix': 'https://ss3.4sqi.net/img/categories_v2/shops/jewelry_', 'suffix': '.png'}, 'primary': True}]",False,5129bee6e4b096ae4d2327fd,,CA,,Canada,,804,['Canada'],"[{'label': 'display', 'lat': 49.278870626284906, 'lng': -123.10792696736199}]",49.278870626284906,-123.10792696736199,,,Italian Diamond Factory,v-1563626115,,-1.0
Downtown,"[{'id': '4bf58dd8d48988d1ff941735', 'name': 'Miscellaneous Shop', 'pluralName': 'Miscellaneous Shops', 'shortName': 'Shop', 'icon': {'prefix': 'https://ss3.4sqi.net/img/categories_v2/shops/default_', 'suffix': '.png'}, 'primary': True}]",False,4d3cbbe76e0aa1cd8ebbe52c,,CA,,Canada,,869,['Canada'],"[{'label': 'display', 'lat': 49.279090572778045, 'lng': -123.10684857317382}]",49.279090572778045,-123.10684857317382,,,Italian Shoe Master,v-1563626115,,-1.0
Downtown,"[{'id': '4bf58dd8d48988d102951735', 'name': 'Accessories Store', 'pluralName': 'Accessories Stores', 'shortName': 'Accessories', 'icon': {'prefix': 'https://ss3.4sqi.net/img/categories_v2/shops/apparel_accessories_', 'suffix': '.png'}, 'primary': True}]",False,514a501b72da1638f190ad89,1204 Seymour Street,CA,Vancouver,Canada,Seymour Street at Davie,785,"['1204 Seymour Street (Seymour Street at Davie)', 'Vancouver British Colombia V6B 2G4', 'Canada']","[{'label': 'display', 'lat': 49.276316821041135, 'lng': -123.1253457069397}]",49.276316821041135,-123.1253457069397,V6B 2G4,British Colombia,Pelle Italian Leather,v-1563626115,,-1.0
Downtown,"[{'id': '4bf58dd8d48988d127951735', 'name': 'Arts & Crafts Store', 'pluralName': 'Arts & Crafts Stores', 'shortName': 'Arts & Crafts', 'icon': {'prefix': 'https://ss3.4sqi.net/img/categories_v2/shops/artstore_', 'suffix': '.png'}, 'primary': True}]",False,50e8a0c5e4b09c384292dc12,88 Pender St W Suite 1073,CA,Vancouver,Canada,,838,"['88 Pender St W Suite 1073', 'Vancouver BC', 'Canada']","[{'label': 'display', 'lat': 49.28023748900084, 'lng': -123.1068320661716}]",49.28023748900084,-123.1068320661716,,BC,Marko's italian shoe doctor,v-1563626115,,-1.0
Downtown,"[{'id': '4bf58dd8d48988d146941735', 'name': 'Deli / Bodega', 'pluralName': 'Delis / Bodegas', 'shortName': 'Deli / Bodega', 'icon': {'prefix': 'https://ss3.4sqi.net/img/categories_v2/food/deli_', 'suffix': '.png'}, 'primary': True}]",False,4f9f06f3e4b0614494d832ea,621 Main St,CA,,Canada,,1372,"['621 Main St', 'Canada']","[{'label': 'display', 'lat': 49.278884, 'lng': -123.099744}]",49.278884,-123.099744,,,Todo- Italian ingredient,v-1563626115,,-1.0
Downtown,"[{'id': '4bf58dd8d48988d1d0941735', 'name': 'Dessert Shop', 'pluralName': 'Dessert Shops', 'shortName': 'Desserts', 'icon': {'prefix': 'https://ss3.4sqi.net/img/categories_v2/food/dessert_', 'suffix': '.png'}, 'primary': True}]",False,51ef1e24498e4597786fbad8,,CA,,Canada,,1857,['Canada'],"[{'label': 'display', 'lat': 49.28448, 'lng': -123.143374}]",49.28448,-123.143374,,,Gratta d' Oro Italian Shaved Ice,v-1563626115,,-1.0
Downtown,"[{'id': '4bf58dd8d48988d110941735', 'name': 'Italian Restaurant', 'pluralName': 'Italian Restaurants', 'shortName': 'Italian', 'icon': {'prefix': 'https://ss3.4sqi.net/img/categories_v2/food/italian_', 'suffix': '.png'}, 'primary': True}]",False,5653e329498e22f9d5e35dac,1725 Davie Street,CA,Vancouver,Canada,,1736,"['1725 Davie Street', 'Vancouver BC', 'Canada']","[{'label': 'display', 'lat': 49.28658293766292, 'lng': -123.14084706586299}]",49.28658293766292,-123.14084706586299,,BC,Grotto Italian,v-1563626115,,-1.0
Downtown,"[{'id': '4bf58dd8d48988d146941735', 'name': 'Deli / Bodega', 'pluralName': 'Delis / Bodegas', 'shortName': 'Deli / Bodega', 'icon': {'prefix': 'https://ss3.4sqi.net/img/categories_v2/food/deli_', 'suffix': '.png'}, 'primary': True}]",False,4f440db1e4b08c6c29a33de6,Princess,CA,Vancouver,Canada,Union,1978,"['Princess (Union)', 'Vancouver BC', 'Canada']","[{'label': 'display', 'lat': 49.27750737720035, 'lng': -123.09166467497332}]",49.27750737720035,-123.09166467497332,,BC,Benny's italian,v-1563626115,,-1.0
Downtown,"[{'id': '4bf58dd8d48988d1f8941735', 'name': 'Furniture / Home Store', 'pluralName': 'Furniture / Home Stores', 'shortName': 'Furniture / Home', 'icon': {'prefix': 'https://ss3.4sqi.net/img/categories_v2/shops/furniture_', 'suffix': '.png'}, 'primary': True}]",False,4d40d2caadb6236ad41a8c40,1028 Mainland Street,CA,Vancouver,Canada,,638,"['1028 Mainland Street', 'Vancouver BC V6b2t4', 'Canada']","[{'label': 'display', 'lat': 49.27595330095783, 'lng': -123.11970382883372}]",49.27595330095783,-123.11970382883372,V6b2t4,BC,Italinteriors,v-1563626115,,-1.0
Downtown,"[{'id': '4bf58dd8d48988d110941735', 'name': 'Italian Restaurant', 'pluralName': 'Italian Restaurants', 'shortName': 'Italian', 'icon': {'prefix': 'https://ss3.4sqi.net/img/categories_v2/food/italian_', 'suffix': '.png'}, 'primary': True}]",False,5b02328946e1b6002c256b1d,,CA,Vancouver,Canada,,1122,"['Vancouver BC V6E 1Z8', 'Canada']","[{'label': 'display', 'lat': 49.281479, 'lng': -123.133641}]",49.281479,-123.133641,V6E 1Z8,BC,The Italians,v-1563626115,,-1.0
Downtown,"[{'id': '4bf58dd8d48988d110941735', 'name': 'Italian Restaurant', 'pluralName': 'Italian Restaurants', 'shortName': 'Italian', 'icon': {'prefix': 'https://ss3.4sqi.net/img/categories_v2/food/italian_', 'suffix': '.png'}, 'primary': True}]",False,4aa82da4f964a520db4f20e3,1136 Robson St,CA,Vancouver,Canada,btwn Bute and Thurlow,684,"['1136 Robson St (btwn Bute and Thurlow)', 'Vancouver BC V6E 1B2', 'Canada']","[{'label': 'display', 'lat': 49.285251035768425, 'lng': -123.12576475717985}]",49.285251035768425,-123.12576475717985,V6E 1B2,BC,Zefferelli's Spaghetti Joint,v-1563626115,,7.6
Downtown,"[{'id': '4bf58dd8d48988d130941735', 'name': 'Building', 'pluralName': 'Buildings', 'shortName': 'Building', 'icon': {'prefix': 'https://ss3.4sqi.net/img/categories_v2/building/default_', 'suffix': '.png'}, 'primary': True}]",False,4f1630ebe4b09e58a5c643ca,500 - 510 W Hastings,CA,Vancouver,Canada,,589,"['500 - 510 W Hastings', 'Vancouver BC', 'Canada']","[{'label': 'display', 'lat': 49.278558767573905, 'lng': -123.11154281061908}]",49.278558767573905,-123.11154281061908,,BC,Istituto Italiano di Cultura,v-1563626115,,-1.0
Downtown,"[{'id': '4bf58dd8d48988d110941735', 'name': 'Italian Restaurant', 'pluralName': 'Italian Restaurants', 'shortName': 'Italian', 'icon': {'prefix': 'https://ss3.4sqi.net/img/categories_v2/food/italian_', 'suffix': '.png'}, 'primary': True}]",False,4d02ea3a28926ea81da162c2,656 West Broadway,CA,Vancouver,Canada,,2033,"['656 West Broadway', 'Vancouver BC V5Z 1G1', 'Canada']","[{'label': 'display', 'lat': 49.263337, 'lng': -123.118587}]",49.263337,-123.118587,V5Z 1G1,BC,Via Veneto Ristorante Italiano,v-1563626115,,-1.0
Kitsilano,"[{'id': '4bf58dd8d48988d110941735', 'name': 'Italian Restaurant', 'pluralName': 'Italian Restaurants', 'shortName': 'Italian', 'icon': {'prefix': 'https://ss3.4sqi.net/img/categories_v2/food/italian_', 'suffix': '.png'}, 'primary': True}]",False,4aa8661bf964a5201f5120e3,1850 W 4th Ave,CA,Vancouver,Canada,btwn Burrard & Cypress St,565,"['1850 W 4th Ave (btwn Burrard & Cypress St)', 'Vancouver BC V6J 1M3', 'Canada']","[{'label': 'display', 'lat': 49.26801508570274, 'lng': -123.14664995865456}]",49.26801508570274,-123.14664995865456,V6J 1M3,BC,Trattoria Italian Kitchen,v-1563626116,,7.4
Kitsilano,"[{'id': '4bf58dd8d48988d1c9941735', 'name': 'Ice Cream Shop', 'pluralName': 'Ice Cream Shops', 'shortName': 'Ice Cream', 'icon': {'prefix': 'https://ss3.4sqi.net/img/categories_v2/food/icecream_', 'suffix': '.png'}, 'primary': True}]",False,4fa47b23e4b0ac15cf08616f,1520 Yew St.,CA,Vancouver,Canada,at Cornwall Ave.,209,"['1520 Yew St. (at Cornwall Ave.)', 'Vancouver BC V6K 3E4', 'Canada']","[{'label': 'display', 'lat': 49.272212737264596, 'lng': -123.15507668090851}]",49.272212737264596,-123.15507668090851,V6K 3E4,BC,Paradiso Italian Gelato,v-1563626116,,-1.0
Kitsilano,"[{'id': '4bf58dd8d48988d110941735', 'name': 'Italian Restaurant', 'pluralName': 'Italian Restaurants', 'shortName': 'Italian', 'icon': {'prefix': 'https://ss3.4sqi.net/img/categories_v2/food/italian_', 'suffix': '.png'}, 'primary': True}]",False,4ee191b19adf48bc1940572f,3162 West Broadway,CA,Vancouver,Canada,east of Trutch St.,1849,"['3162 West Broadway (east of Trutch St.)', 'Vancouver BC V6K 2H3', 'Canada']","[{'label': 'display', 'lat': 49.26409823525829, 'lng': -123.17539668613666}]",49.26409823525829,-123.17539668613666,V6K 2H3,BC,Italian Garden,v-1563626116,,-1.0
Kitsilano,"[{'id': '4bf58dd8d48988d16d941735', 'name': 'Café', 'pluralName': 'Cafés', 'shortName': 'Café', 'icon': {'prefix': 'https://ss3.4sqi.net/img/categories_v2/food/cafe_', 'suffix': '.png'}, 'primary': True}]",False,4aa92e4df964a520525220e3,126 Davie St.,CA,Vancouver,Canada,btwn Pacific Blvd. & Marinaside Crescent,2299,"['126 Davie St. (btwn Pacific Blvd. & Marinaside Crescent)', 'Vancouver BC V6Z 2Y1', 'Canada']","[{'label': 'display', 'lat': 49.27360431864816, 'lng': -123.12102746915714}]",49.27360431864816,-123.12102746915714,V6Z 2Y1,BC,Sciué Italian Bakery Caffé,v-1563626116,,7.7
Kitsilano,"[{'id': '4bf58dd8d48988d110941735', 'name': 'Italian Restaurant', 'pluralName': 'Italian Restaurants', 'shortName': 'Italian', 'icon': {'prefix': 'https://ss3.4sqi.net/img/categories_v2/food/italian_', 'suffix': '.png'}, 'primary': True}]",False,4bc54d1a0a30d13a70f0599c,1629 Yew St,CA,Vancouver,Canada,btw W. 1st Ave & York Ave,192,"['1629 Yew St (btw W. 1st Ave & York Ave)', 'Vancouver BC V6K 3E6', 'Canada']","[{'label': 'display', 'lat': 49.27122083560716, 'lng': -123.15513968467712}]",49.27122083560716,-123.15513968467712,V6K 3E6,BC,Piatzo Fine Italian Restaurant,v-1563626116,,-1.0
Kitsilano,"[{'id': '4bf58dd8d48988d110941735', 'name': 'Italian Restaurant', 'pluralName': 'Italian Restaurants', 'shortName': 'Italian', 'icon': {'prefix': 'https://ss3.4sqi.net/img/categories_v2/food/italian_', 'suffix': '.png'}, 'primary': True}]",False,5c9bfdcebed483002cd08417,Davie st,CA,Vancouver,Canada,Burrard st,1867,"['Davie st (Burrard st)', 'Vancouver BC V6E 1M5', 'Canada']","[{'label': 'display', 'lat': 49.279922, 'lng': -123.13038}]",49.279922,-123.13038,V6E 1M5,BC,Italian Tomato,v-1563626116,,-1.0
Kitsilano,"[{'id': '4bf58dd8d48988d110941735', 'name': 'Italian Restaurant', 'pluralName': 'Italian Restaurants', 'shortName': 'Italian', 'icon': {'prefix': 'https://ss3.4sqi.net/img/categories_v2/food/italian_', 'suffix': '.png'}, 'primary': True}]",False,559600b4498e844b2067daab,3162 West Broadway,CA,Vancouver,Canada,,1497,"['3162 West Broadway', 'Vancouver BC V6R 4R2', 'Canada']","[{'label': 'display', 'lat': 49.26233824128192, 'lng': -123.16778976357483}]",49.26233824128192,-123.16778976357483,V6R 4R2,BC,Italian Garden,v-1563626116,,-1.0
Kitsilano,"[{'id': '4bf58dd8d48988d110941735', 'name': 'Italian Restaurant', 'pluralName': 'Italian Restaurants', 'shortName': 'Italian', 'icon': {'prefix': 'https://ss3.4sqi.net/img/categories_v2/food/italian_', 'suffix': '.png'}, 'primary': True}]",False,55957fcf498e8f669894ca53,1015 Burrard Street,CA,Vancouver,Canada,Comox Street,2150,"['1015 Burrard Street (Comox Street)', 'Vancouver BC V6Z', 'Canada']","[{'label': 'display', 'lat': 49.28085258399596, 'lng': -123.1267084816111}]",49.28085258399596,-123.1267084816111,V6Z,BC,C-Prime Modern Italian Steak & Wine,v-1563626116,,-1.0
Kitsilano,"[{'id': '4bf58dd8d48988d1d0941735', 'name': 'Dessert Shop', 'pluralName': 'Dessert Shops', 'shortName': 'Desserts', 'icon': {'prefix': 'https://ss3.4sqi.net/img/categories_v2/food/dessert_', 'suffix': '.png'}, 'primary': True}]",False,51ef1e24498e4597786fbad8,,CA,,Canada,,1603,['Canada'],"[{'label': 'display', 'lat': 49.28448, 'lng': -123.143374}]",49.28448,-123.143374,,,Gratta d' Oro Italian Shaved Ice,v-1563626116,,-1.0
Kitsilano,"[{'id': '4bf58dd8d48988d1e0931735', 'name': 'Coffee Shop', 'pluralName': 'Coffee Shops', 'shortName': 'Coffee Shop', 'icon': {'prefix': 'https://ss3.4sqi.net/img/categories_v2/food/coffeeshop_', 'suffix': '.png'}, 'primary': True}]",False,4aaad3acf964a520965720e3,2959 W 4th Ave.,CA,Vancouver,Canada,at Bayswater St.,1380,"['2959 W 4th Ave. (at Bayswater St.)', 'Vancouver BC', 'Canada']","[{'label': 'display', 'lat': 49.26846732659887, 'lng': -123.1709854918962}]",49.26846732659887,-123.1709854918962,,BC,Zucchero Italian Cafe,v-1563626116,,-1.0
Kitsilano,"[{'id': '4bf58dd8d48988d110941735', 'name': 'Italian Restaurant', 'pluralName': 'Italian Restaurants', 'shortName': 'Italian', 'icon': {'prefix': 'https://ss3.4sqi.net/img/categories_v2/food/italian_', 'suffix': '.png'}, 'primary': True}]",False,4d12c84a0ad2f04d420baf54,1504-1596 West 14th Ave.,CA,Vancouver,Canada,,1687,"['1504-1596 West 14th Ave.', 'Vancouver BC V6J 2J1', 'Canada']","[{'label': 'display', 'lat': 49.258980940016066, 'lng': -123.1390869799676}]",49.258980940016066,-123.1390869799676,V6J 2J1,BC,Tratorria Italian Kitchen,v-1563626116,,-1.0
Kitsilano,"[{'id': '4bf58dd8d48988d102951735', 'name': 'Accessories Store', 'pluralName': 'Accessories Stores', 'shortName': 'Accessories', 'icon': {'prefix': 'https://ss3.4sqi.net/img/categories_v2/shops/apparel_accessories_', 'suffix': '.png'}, 'primary': True}]",False,514a501b72da1638f190ad89,1204 Seymour Street,CA,Vancouver,Canada,Seymour Street at Davie,2047,"['1204 Seymour Street (Seymour Street at Davie)', 'Vancouver British Colombia V6B 2G4', 'Canada']","[{'label': 'display', 'lat': 49.276316821041135, 'lng': -123.1253457069397}]",49.276316821041135,-123.1253457069397,V6B 2G4,British Colombia,Pelle Italian Leather,v-1563626116,,-1.0
Kitsilano,"[{'id': '4bf58dd8d48988d110941735', 'name': 'Italian Restaurant', 'pluralName': 'Italian Restaurants', 'shortName': 'Italian', 'icon': {'prefix': 'https://ss3.4sqi.net/img/categories_v2/food/italian_', 'suffix': '.png'}, 'primary': True}]",False,5653e329498e22f9d5e35dac,1725 Davie Street,CA,Vancouver,Canada,,1893,"['1725 Davie Street', 'Vancouver BC', 'Canada']","[{'label': 'display', 'lat': 49.28658293766292, 'lng': -123.14084706586299}]",49.28658293766292,-123.14084706586299,,BC,Grotto Italian,v-1563626116,,-1.0
Kitsilano,"[{'id': '4bf58dd8d48988d110941735', 'name': 'Italian Restaurant', 'pluralName': 'Italian Restaurants', 'shortName': 'Italian', 'icon': {'prefix': 'https://ss3.4sqi.net/img/categories_v2/food/italian_', 'suffix': '.png'}, 'primary': True}]",False,5b02328946e1b6002c256b1d,,CA,Vancouver,Canada,,1773,"['Vancouver BC V6E 1Z8', 'Canada']","[{'label': 'display', 'lat': 49.281479, 'lng': -123.133641}]",49.281479,-123.133641,V6E 1Z8,BC,The Italians,v-1563626116,,-1.0
Kitsilano,"[{'id': '4bf58dd8d48988d1f8941735', 'name': 'Furniture / Home Store', 'pluralName': 'Furniture / Home Stores', 'shortName': 'Furniture / Home', 'icon': {'prefix': 'https://ss3.4sqi.net/img/categories_v2/shops/furniture_', 'suffix': '.png'}, 'primary': True}]",False,4d40d2caadb6236ad41a8c40,1028 Mainland Street,CA,Vancouver,Canada,,2436,"['1028 Mainland Street', 'Vancouver BC V6b2t4', 'Canada']","[{'label': 'display', 'lat': 49.27595330095783, 'lng': -123.11970382883372}]",49.27595330095783,-123.11970382883372,V6b2t4,BC,Italinteriors,v-1563626116,,-1.0
Arbutus-Ridge,"[{'id': '4bf58dd8d48988d110941735', 'name': 'Italian Restaurant', 'pluralName': 'Italian Restaurants', 'shortName': 'Italian', 'icon': {'prefix': 'https://ss3.4sqi.net/img/categories_v2/food/italian_', 'suffix': '.png'}, 'primary': True}]",False,559600b4498e844b2067daab,3162 West Broadway,CA,Vancouver,Canada,,2316,"['3162 West Broadway', 'Vancouver BC V6R 4R2', 'Canada']","[{'label': 'display', 'lat': 49.26233824128192, 'lng': -123.16778976357483}]",49.26233824128192,-123.16778976357483,V6R 4R2,BC,Italian Garden,v-1563626117,,-1.0
Arbutus-Ridge,"[{'id': '4bf58dd8d48988d110941735', 'name': 'Italian Restaurant', 'pluralName': 'Italian Restaurants', 'shortName': 'Italian', 'icon': {'prefix': 'https://ss3.4sqi.net/img/categories_v2/food/italian_', 'suffix': '.png'}, 'primary': True}]",False,4d12c84a0ad2f04d420baf54,1504-1596 West 14th Ave.,CA,Vancouver,Canada,,2014,"['1504-1596 West 14th Ave.', 'Vancouver BC V6J 2J1', 'Canada']","[{'label': 'display', 'lat': 49.258980940016066, 'lng': -123.1390869799676}]",49.258980940016066,-123.1390869799676,V6J 2J1,BC,Tratorria Italian Kitchen,v-1563626117,,-1.0
Marpole,"[{'id': '4bf58dd8d48988d110941735', 'name': 'Italian Restaurant', 'pluralName': 'Italian Restaurants', 'shortName': 'Italian', 'icon': {'prefix': 'https://ss3.4sqi.net/img/categories_v2/food/italian_', 'suffix': '.png'}, 'primary': True}]",False,4b2714def964a520a78424e3,8380 Bridgeport Road,CA,Richmond,Canada,,1264,"['8380 Bridgeport Road', 'Richmond BC V6X 3C7', 'Canada']","[{'label': 'display', 'lat': 49.191640347641716, 'lng': -123.13101900646329}]",49.191640347641716,-123.13101900646329,V6X 3C7,BC,Italian Tomato,v-1563626118,,-1.0
Shaughnessy,"[{'id': '4bf58dd8d48988d110941735', 'name': 'Italian Restaurant', 'pluralName': 'Italian Restaurants', 'shortName': 'Italian', 'icon': {'prefix': 'https://ss3.4sqi.net/img/categories_v2/food/italian_', 'suffix': '.png'}, 'primary': True}]",False,559600b4498e844b2067daab,3162 West Broadway,CA,Vancouver,Canada,,2385,"['3162 West Broadway', 'Vancouver BC V6R 4R2', 'Canada']","[{'label': 'display', 'lat': 49.26233824128192, 'lng': -123.16778976357483}]",49.26233824128192,-123.16778976357483,V6R 4R2,BC,Italian Garden,v-1563626119,,-1.0
Shaughnessy,"[{'id': '4bf58dd8d48988d110941735', 'name': 'Italian Restaurant', 'pluralName': 'Italian Restaurants', 'shortName': 'Italian', 'icon': {'prefix': 'https://ss3.4sqi.net/img/categories_v2/food/italian_', 'suffix': '.png'}, 'primary': True}]",False,4d12c84a0ad2f04d420baf54,1504-1596 West 14th Ave.,CA,Vancouver,Canada,,1565,"['1504-1596 West 14th Ave.', 'Vancouver BC V6J 2J1', 'Canada']","[{'label': 'display', 'lat': 49.258980940016066, 'lng': -123.1390869799676}]",49.258980940016066,-123.1390869799676,V6J 2J1,BC,Tratorria Italian Kitchen,v-1563626119,,-1.0
Fairview,"[{'id': '4bf58dd8d48988d16d941735', 'name': 'Café', 'pluralName': 'Cafés', 'shortName': 'Café', 'icon': {'prefix': 'https://ss3.4sqi.net/img/categories_v2/food/cafe_', 'suffix': '.png'}, 'primary': True}]",False,4aa92e4df964a520525220e3,126 Davie St.,CA,Vancouver,Canada,btwn Pacific Blvd. & Marinaside Crescent,1669,"['126 Davie St. (btwn Pacific Blvd. & Marinaside Crescent)', 'Vancouver BC V6Z 2Y1', 'Canada']","[{'label': 'display', 'lat': 49.27360431864816, 'lng': -123.12102746915714}]",49.27360431864816,-123.12102746915714,V6Z 2Y1,BC,Sciué Italian Bakery Caffé,v-1563626120,,-1.0
Fairview,"[{'id': '4bf58dd8d48988d110941735', 'name': 'Italian Restaurant', 'pluralName': 'Italian Restaurants', 'shortName': 'Italian', 'icon': {'prefix': 'https://ss3.4sqi.net/img/categories_v2/food/italian_', 'suffix': '.png'}, 'primary': True}]",False,4aa8661bf964a5201f5120e3,1850 W 4th Ave,CA,Vancouver,Canada,btwn Burrard & Cypress St,889,"['1850 W 4th Ave (btwn Burrard & Cypress St)', 'Vancouver BC V6J 1M3', 'Canada']","[{'label': 'display', 'lat': 49.26801508570274, 'lng': -123.14664995865456}]",49.26801508570274,-123.14664995865456,V6J 1M3,BC,Trattoria Italian Kitchen,v-1563626120,,-1.0
Fairview,"[{'id': '4bf58dd8d48988d110941735', 'name': 'Italian Restaurant', 'pluralName': 'Italian Restaurants', 'shortName': 'Italian', 'icon': {'prefix': 'https://ss3.4sqi.net/img/categories_v2/food/italian_', 'suffix': '.png'}, 'primary': True}]",False,5c9bfdcebed483002cd08417,Davie st,CA,Vancouver,Canada,Burrard st,1953,"['Davie st (Burrard st)', 'Vancouver BC V6E 1M5', 'Canada']","[{'label': 'display', 'lat': 49.279922, 'lng': -123.13038}]",49.279922,-123.13038,V6E 1M5,BC,Italian Tomato,v-1563626120,,-1.0
Fairview,"[{'id': '4bf58dd8d48988d110941735', 'name': 'Italian Restaurant', 'pluralName': 'Italian Restaurants', 'shortName': 'Italian', 'icon': {'prefix': 'https://ss3.4sqi.net/img/categories_v2/food/italian_', 'suffix': '.png'}, 'primary': True}]",False,4d12c84a0ad2f04d420baf54,1504-1596 West 14th Ave.,CA,Vancouver,Canada,,461,"['1504-1596 West 14th Ave.', 'Vancouver BC V6J 2J1', 'Canada']","[{'label': 'display', 'lat': 49.258980940016066, 'lng': -123.1390869799676}]",49.258980940016066,-123.1390869799676,V6J 2J1,BC,Tratorria Italian Kitchen,v-1563626120,,-1.0
Fairview,"[{'id': '4bf58dd8d48988d110941735', 'name': 'Italian Restaurant', 'pluralName': 'Italian Restaurants', 'shortName': 'Italian', 'icon': {'prefix': 'https://ss3.4sqi.net/img/categories_v2/food/italian_', 'suffix': '.png'}, 'primary': True}]",False,55957fcf498e8f669894ca53,1015 Burrard Street,CA,Vancouver,Canada,Comox Street,2134,"['1015 Burrard Street (Comox Street)', 'Vancouver BC V6Z', 'Canada']","[{'label': 'display', 'lat': 49.28085258399596, 'lng': -123.1267084816111}]",49.28085258399596,-123.1267084816111,V6Z,BC,C-Prime Modern Italian Steak & Wine,v-1563626120,,-1.0
Fairview,"[{'id': '4bf58dd8d48988d1c9941735', 'name': 'Ice Cream Shop', 'pluralName': 'Ice Cream Shops', 'shortName': 'Ice Cream', 'icon': {'prefix': 'https://ss3.4sqi.net/img/categories_v2/food/icecream_', 'suffix': '.png'}, 'primary': True}]",False,4fa47b23e4b0ac15cf08616f,1520 Yew St.,CA,Vancouver,Canada,at Cornwall Ave.,1658,"['1520 Yew St. (at Cornwall Ave.)', 'Vancouver BC V6K 3E4', 'Canada']","[{'label': 'display', 'lat': 49.272212737264596, 'lng': -123.15507668090851}]",49.272212737264596,-123.15507668090851,V6K 3E4,BC,Paradiso Italian Gelato,v-1563626120,,-1.0
Fairview,"[{'id': '4bf58dd8d48988d110941735', 'name': 'Italian Restaurant', 'pluralName': 'Italian Restaurants', 'shortName': 'Italian', 'icon': {'prefix': 'https://ss3.4sqi.net/img/categories_v2/food/italian_', 'suffix': '.png'}, 'primary': True}]",False,559600b4498e844b2067daab,3162 West Broadway,CA,Vancouver,Canada,,2223,"['3162 West Broadway', 'Vancouver BC V6R 4R2', 'Canada']","[{'label': 'display', 'lat': 49.26233824128192, 'lng': -123.16778976357483}]",49.26233824128192,-123.16778976357483,V6R 4R2,BC,Italian Garden,v-1563626120,,-1.0
Fairview,"[{'id': '4bf58dd8d48988d110941735', 'name': 'Italian Restaurant', 'pluralName': 'Italian Restaurants', 'shortName': 'Italian', 'icon': {'prefix': 'https://ss3.4sqi.net/img/categories_v2/food/italian_', 'suffix': '.png'}, 'primary': True}]",False,4bc54d1a0a30d13a70f0599c,1629 Yew St,CA,Vancouver,Canada,btw W. 1st Ave & York Ave,1596,"['1629 Yew St (btw W. 1st Ave & York Ave)', 'Vancouver BC V6K 3E6', 'Canada']","[{'label': 'display', 'lat': 49.27122083560716, 'lng': -123.15513968467712}]",49.27122083560716,-123.15513968467712,V6K 3E6,BC,Piatzo Fine Italian Restaurant,v-1563626120,,-1.0
Fairview,"[{'id': '4bf58dd8d48988d102951735', 'name': 'Accessories Store', 'pluralName': 'Accessories Stores', 'shortName': 'Accessories', 'icon': {'prefix': 'https://ss3.4sqi.net/img/categories_v2/shops/apparel_accessories_', 'suffix': '.png'}, 'primary': True}]",False,514a501b72da1638f190ad89,1204 Seymour Street,CA,Vancouver,Canada,Seymour Street at Davie,1719,"['1204 Seymour Street (Seymour Street at Davie)', 'Vancouver British Colombia V6B 2G4', 'Canada']","[{'label': 'display', 'lat': 49.276316821041135, 'lng': -123.1253457069397}]",49.276316821041135,-123.1253457069397,V6B 2G4,British Colombia,Pelle Italian Leather,v-1563626120,,-1.0
Fairview,"[{'id': '4bf58dd8d48988d1f8941735', 'name': 'Furniture / Home Store', 'pluralName': 'Furniture / Home Stores', 'shortName': 'Furniture / Home', 'icon': {'prefix': 'https://ss3.4sqi.net/img/categories_v2/shops/furniture_', 'suffix': '.png'}, 'primary': True}]",False,4d40d2caadb6236ad41a8c40,1028 Mainland Street,CA,Vancouver,Canada,,1926,"['1028 Mainland Street', 'Vancouver BC V6b2t4', 'Canada']","[{'label': 'display', 'lat': 49.27595330095783, 'lng': -123.11970382883372}]",49.27595330095783,-123.11970382883372,V6b2t4,BC,Italinteriors,v-1563626120,,-1.0
Fairview,"[{'id': '4bf58dd8d48988d110941735', 'name': 'Italian Restaurant', 'pluralName': 'Italian Restaurants', 'shortName': 'Italian', 'icon': {'prefix': 'https://ss3.4sqi.net/img/categories_v2/food/italian_', 'suffix': '.png'}, 'primary': True}]",False,4d02ea3a28926ea81da162c2,656 West Broadway,CA,Vancouver,Canada,,1352,"['656 West Broadway', 'Vancouver BC V5Z 1G1', 'Canada']","[{'label': 'display', 'lat': 49.263337, 'lng': -123.118587}]",49.263337,-123.118587,V5Z 1G1,BC,Via Veneto Ristorante Italiano,v-1563626120,,-1.0
South Cambie,"[{'id': '4bf58dd8d48988d110941735', 'name': 'Italian Restaurant', 'pluralName': 'Italian Restaurants', 'shortName': 'Italian', 'icon': {'prefix': 'https://ss3.4sqi.net/img/categories_v2/food/italian_', 'suffix': '.png'}, 'primary': True}]",False,4d12c84a0ad2f04d420baf54,1504-1596 West 14th Ave.,CA,Vancouver,Canada,,2448,"['1504-1596 West 14th Ave.', 'Vancouver BC V6J 2J1', 'Canada']","[{'label': 'display', 'lat': 49.258980940016066, 'lng': -123.1390869799676}]",49.258980940016066,-123.1390869799676,V6J 2J1,BC,Tratorria Italian Kitchen,v-1563626120,,-1.0
West End,"[{'id': '4bf58dd8d48988d110941735', 'name': 'Italian Restaurant', 'pluralName': 'Italian Restaurants', 'shortName': 'Italian', 'icon': {'prefix': 'https://ss3.4sqi.net/img/categories_v2/food/italian_', 'suffix': '.png'}, 'primary': True}]",False,4dbf5ef81e72dd48b1f1a22c,765 Beatty Street,CA,Vancouver,Canada,btw Robson and Georgia,1997,"['765 Beatty Street (btw Robson and Georgia)', 'Vancouver BC V6B 2M4', 'Canada']","[{'label': 'display', 'lat': 49.27805152154088, 'lng': -123.11325794229262}]",49.27805152154088,-123.11325794229262,V6B 2M4,BC,Frankies Italian Kitchen,v-1563626121,,-1.0
West End,"[{'id': '4bf58dd8d48988d110941735', 'name': 'Italian Restaurant', 'pluralName': 'Italian Restaurants', 'shortName': 'Italian', 'icon': {'prefix': 'https://ss3.4sqi.net/img/categories_v2/food/italian_', 'suffix': '.png'}, 'primary': True}]",False,4aa7d4e7f964a520724d20e3,1037 Alberni St.,CA,Vancouver,Canada,btwn Burrard & Thurlow,1220,"['1037 Alberni St. (btwn Burrard & Thurlow)', 'Vancouver BC V6E 1A1', 'Canada']","[{'label': 'display', 'lat': 49.28442495040121, 'lng': -123.12218875251006}]",49.28442495040121,-123.12218875251006,V6E 1A1,BC,Italian Kitchen,v-1563626121,,-1.0
West End,"[{'id': '4bf58dd8d48988d16d941735', 'name': 'Café', 'pluralName': 'Cafés', 'shortName': 'Café', 'icon': {'prefix': 'https://ss3.4sqi.net/img/categories_v2/food/cafe_', 'suffix': '.png'}, 'primary': True}]",False,4aa92e4df964a520525220e3,126 Davie St.,CA,Vancouver,Canada,btwn Pacific Blvd. & Marinaside Crescent,1774,"['126 Davie St. (btwn Pacific Blvd. & Marinaside Crescent)', 'Vancouver BC V6Z 2Y1', 'Canada']","[{'label': 'display', 'lat': 49.27360431864816, 'lng': -123.12102746915714}]",49.27360431864816,-123.12102746915714,V6Z 2Y1,BC,Sciué Italian Bakery Caffé,v-1563626121,,-1.0
West End,"[{'id': '4bf58dd8d48988d110941735', 'name': 'Italian Restaurant', 'pluralName': 'Italian Restaurants', 'shortName': 'Italian', 'icon': {'prefix': 'https://ss3.4sqi.net/img/categories_v2/food/italian_', 'suffix': '.png'}, 'primary': True}]",False,5c9bfdcebed483002cd08417,Davie st,CA,Vancouver,Canada,Burrard st,799,"['Davie st (Burrard st)', 'Vancouver BC V6E 1M5', 'Canada']","[{'label': 'display', 'lat': 49.279922, 'lng': -123.13038}]",49.279922,-123.13038,V6E 1M5,BC,Italian Tomato,v-1563626121,,-1.0
West End,"[{'id': '4bf58dd8d48988d16d941735', 'name': 'Café', 'pluralName': 'Cafés', 'shortName': 'Café', 'icon': {'prefix': 'https://ss3.4sqi.net/img/categories_v2/food/cafe_', 'suffix': '.png'}, 'primary': True}]",False,50feceb2e4b02b4f6a0d0cb2,885 West Georgia,CA,Vancouver,Canada,Hornby,1396,"['885 West Georgia (Hornby)', 'Vancouver BC', 'Canada']","[{'label': 'display', 'lat': 49.28375315195239, 'lng': -123.11978217422548}]",49.28375315195239,-123.11978217422548,,BC,Sciue Italian Bakery Cafe,v-1563626121,,-1.0
West End,"[{'id': '4bf58dd8d48988d110941735', 'name': 'Italian Restaurant', 'pluralName': 'Italian Restaurants', 'shortName': 'Italian', 'icon': {'prefix': 'https://ss3.4sqi.net/img/categories_v2/food/italian_', 'suffix': '.png'}, 'primary': True}]",False,5a0cf72a3d479150f4bf65ba,860 Burrard St,CA,Vancouver,Canada,,1134,"['860 Burrard St', 'Vancouver BC V6Z', 'Canada']","[{'label': 'display', 'lat': 49.28281086641633, 'lng': -123.12355244527359}]",49.28281086641633,-123.12355244527359,V6Z,BC,Italian Kitchen,v-1563626121,,-1.0
West End,"[{'id': '4bf58dd8d48988d16d941735', 'name': 'Café', 'pluralName': 'Cafés', 'shortName': 'Café', 'icon': {'prefix': 'https://ss3.4sqi.net/img/categories_v2/food/cafe_', 'suffix': '.png'}, 'primary': True}]",False,5525cd05498e7bd6f8284262,101 Robson St,CA,Vancouver,Canada,Beatty,1960,"['101 Robson St (Beatty)', 'Vancouver BC', 'Canada']","[{'label': 'display', 'lat': 49.27767942533999, 'lng': -123.11403646249565}]",49.27767942533999,-123.11403646249565,,BC,Sciue Italian Bakery And Caffee,v-1563626121,,-1.0
West End,"[{'id': '4bf58dd8d48988d1d0941735', 'name': 'Dessert Shop', 'pluralName': 'Dessert Shops', 'shortName': 'Desserts', 'icon': {'prefix': 'https://ss3.4sqi.net/img/categories_v2/food/dessert_', 'suffix': '.png'}, 'primary': True}]",False,51ef1e24498e4597786fbad8,,CA,,Canada,,318,['Canada'],"[{'label': 'display', 'lat': 49.28448, 'lng': -123.143374}]",49.28448,-123.143374,,,Gratta d' Oro Italian Shaved Ice,v-1563626121,,-1.0
West End,"[{'id': '4bf58dd8d48988d110941735', 'name': 'Italian Restaurant', 'pluralName': 'Italian Restaurants', 'shortName': 'Italian', 'icon': {'prefix': 'https://ss3.4sqi.net/img/categories_v2/food/italian_', 'suffix': '.png'}, 'primary': True}]",False,55957fcf498e8f669894ca53,1015 Burrard Street,CA,Vancouver,Canada,Comox Street,975,"['1015 Burrard Street (Comox Street)', 'Vancouver BC V6Z', 'Canada']","[{'label': 'display', 'lat': 49.28085258399596, 'lng': -123.1267084816111}]",49.28085258399596,-123.1267084816111,V6Z,BC,C-Prime Modern Italian Steak & Wine,v-1563626121,,-1.0
West End,"[{'id': '4bf58dd8d48988d110941735', 'name': 'Italian Restaurant', 'pluralName': 'Italian Restaurants', 'shortName': 'Italian', 'icon': {'prefix': 'https://ss3.4sqi.net/img/categories_v2/food/italian_', 'suffix': '.png'}, 'primary': True}]",False,5653e329498e22f9d5e35dac,1725 Davie Street,CA,Vancouver,Canada,,277,"['1725 Davie Street', 'Vancouver BC', 'Canada']","[{'label': 'display', 'lat': 49.28658293766292, 'lng': -123.14084706586299}]",49.28658293766292,-123.14084706586299,,BC,Grotto Italian,v-1563626121,,-1.0
West End,"[{'id': '4bf58dd8d48988d16d941735', 'name': 'Café', 'pluralName': 'Cafés', 'shortName': 'Café', 'icon': {'prefix': 'https://ss3.4sqi.net/img/categories_v2/food/cafe_', 'suffix': '.png'}, 'primary': True}]",False,4eefc782d5fbe9f4b1f525f5,1115 Melville St.,CA,Vancouver,Canada,Thurlow St.,1230,"['1115 Melville St. (Thurlow St.)', 'Vancouver BC V6E 0A7', 'Canada']","[{'label': 'display', 'lat': 49.2867927085584, 'lng': -123.12244195945912}]",49.2867927085584,-123.12244195945912,V6E 0A7,BC,Sciué Italian Bakery Caffé,v-1563626121,,-1.0
West End,"[{'id': '4bf58dd8d48988d124941735', 'name': 'Office', 'pluralName': 'Offices', 'shortName': 'Office', 'icon': {'prefix': 'https://ss3.4sqi.net/img/categories_v2/building/default_', 'suffix': '.png'}, 'primary': True}]",False,4edf9e2e02d54f50bc4f8ee4,405 - 889 West Pender Street,CA,Vancouver,Canada,,1641,"['405 - 889 West Pender Street', 'Vancouver BC V6C 3B2', 'Canada']","[{'label': 'display', 'lat': 49.28611602207501, 'lng': -123.11653503034256}]",49.28611602207501,-123.11653503034256,V6C 3B2,BC,Italian Chamber Of Commerce In Canada - West,v-1563626121,,-1.0
West End,"[{'id': '4bf58dd8d48988d110941735', 'name': 'Italian Restaurant', 'pluralName': 'Italian Restaurants', 'shortName': 'Italian', 'icon': {'prefix': 'https://ss3.4sqi.net/img/categories_v2/food/italian_', 'suffix': '.png'}, 'primary': True}]",False,4aa8661bf964a5201f5120e3,1850 W 4th Ave,CA,Vancouver,Canada,btwn Burrard & Cypress St,1907,"['1850 W 4th Ave (btwn Burrard & Cypress St)', 'Vancouver BC V6J 1M3', 'Canada']","[{'label': 'display', 'lat': 49.26801508570274, 'lng': -123.14664995865456}]",49.26801508570274,-123.14664995865456,V6J 1M3,BC,Trattoria Italian Kitchen,v-1563626121,,-1.0
West End,"[{'id': '4bf58dd8d48988d102951735', 'name': 'Accessories Store', 'pluralName': 'Accessories Stores', 'shortName': 'Accessories', 'icon': {'prefix': 'https://ss3.4sqi.net/img/categories_v2/shops/apparel_accessories_', 'suffix': '.png'}, 'primary': True}]",False,514a501b72da1638f190ad89,1204 Seymour Street,CA,Vancouver,Canada,Seymour Street at Davie,1338,"['1204 Seymour Street (Seymour Street at Davie)', 'Vancouver British Colombia V6B 2G4', 'Canada']","[{'label': 'display', 'lat': 49.276316821041135, 'lng': -123.1253457069397}]",49.276316821041135,-123.1253457069397,V6B 2G4,British Colombia,Pelle Italian Leather,v-1563626121,,-1.0
West End,"[{'id': '4bf58dd8d48988d16a941735', 'name': 'Bakery', 'pluralName': 'Bakeries', 'shortName': 'Bakery', 'icon': {'prefix': 'https://ss3.4sqi.net/img/categories_v2/food/bakery_', 'suffix': '.png'}, 'primary': True}]",False,4aad5fd7f964a520f75f20e3,800 West Pender St.,CA,Vancouver,Canada,at Howe St.,1670,"['800 West Pender St. (at Howe St.)', 'Vancouver BC V6C 1J8', 'Canada']","[{'label': 'display', 'lat': 49.28534805490103, 'lng': -123.11603075667476}]",49.28534805490103,-123.11603075667476,V6C 1J8,BC,Sciué Italian Bakery Caffé,v-1563626121,,-1.0
West End,"[{'id': '4bf58dd8d48988d1c9941735', 'name': 'Ice Cream Shop', 'pluralName': 'Ice Cream Shops', 'shortName': 'Ice Cream', 'icon': {'prefix': 'https://ss3.4sqi.net/img/categories_v2/food/icecream_', 'suffix': '.png'}, 'primary': True}]",False,4fa47b23e4b0ac15cf08616f,1520 Yew St.,CA,Vancouver,Canada,at Cornwall Ave.,1790,"['1520 Yew St. (at Cornwall Ave.)', 'Vancouver BC V6K 3E4', 'Canada']","[{'label': 'display', 'lat': 49.272212737264596, 'lng': -123.15507668090851}]",49.272212737264596,-123.15507668090851,V6K 3E4,BC,Paradiso Italian Gelato,v-1563626121,,-1.0
West End,"[{'id': '4bf58dd8d48988d111951735', 'name': 'Jewelry Store', 'pluralName': 'Jewelry Stores', 'shortName': 'Jewelry', 'icon': {'prefix': 'https://ss3.4sqi.net/img/categories_v2/shops/jewelry_', 'suffix': '.png'}, 'primary': True}]",False,5129bee6e4b096ae4d2327fd,,CA,,Canada,,2338,['Canada'],"[{'label': 'display', 'lat': 49.278870626284906, 'lng': -123.10792696736199}]",49.278870626284906,-123.10792696736199,,,Italian Diamond Factory,v-1563626121,,-1.0
West End,"[{'id': '4bf58dd8d48988d1ff941735', 'name': 'Miscellaneous Shop', 'pluralName': 'Miscellaneous Shops', 'shortName': 'Shop', 'icon': {'prefix': 'https://ss3.4sqi.net/img/categories_v2/shops/default_', 'suffix': '.png'}, 'primary': True}]",False,4d3cbbe76e0aa1cd8ebbe52c,,CA,,Canada,,2407,['Canada'],"[{'label': 'display', 'lat': 49.279090572778045, 'lng': -123.10684857317382}]",49.279090572778045,-123.10684857317382,,,Italian Shoe Master,v-1563626121,,-1.0
West End,"[{'id': '4bf58dd8d48988d116941735', 'name': 'Bar', 'pluralName': 'Bars', 'shortName': 'Bar', 'icon': {'prefix': 'https://ss3.4sqi.net/img/categories_v2/nightlife/pub_', 'suffix': '.png'}, 'primary': True}]",False,526d9a8f498e5b63d9118a50,,CA,,Canada,,2128,['Canada'],"[{'label': 'display', 'lat': 49.27780358893573, 'lng': -123.11147870769443}]",49.27780358893573,-123.11147870769443,,,Frankie's Italian Kitchen + Bar,v-1563626121,,-1.0
West End,"[{'id': '4bf58dd8d48988d110941735', 'name': 'Italian Restaurant', 'pluralName': 'Italian Restaurants', 'shortName': 'Italian', 'icon': {'prefix': 'https://ss3.4sqi.net/img/categories_v2/food/italian_', 'suffix': '.png'}, 'primary': True}]",False,4bc54d1a0a30d13a70f0599c,1629 Yew St,CA,Vancouver,Canada,btw W. 1st Ave & York Ave,1878,"['1629 Yew St (btw W. 1st Ave & York Ave)', 'Vancouver BC V6K 3E6', 'Canada']","[{'label': 'display', 'lat': 49.27122083560716, 'lng': -123.15513968467712}]",49.27122083560716,-123.15513968467712,V6K 3E6,BC,Piatzo Fine Italian Restaurant,v-1563626121,,-1.0
West End,"[{'id': '4bf58dd8d48988d110941735', 'name': 'Italian Restaurant', 'pluralName': 'Italian Restaurants', 'shortName': 'Italian', 'icon': {'prefix': 'https://ss3.4sqi.net/img/categories_v2/food/italian_', 'suffix': '.png'}, 'primary': True}]",False,5b02328946e1b6002c256b1d,,CA,Vancouver,Canada,,506,"['Vancouver BC V6E 1Z8', 'Canada']","[{'label': 'display', 'lat': 49.281479, 'lng': -123.133641}]",49.281479,-123.133641,V6E 1Z8,BC,The Italians,v-1563626121,,-1.0
West End,"[{'id': '4bf58dd8d48988d127951735', 'name': 'Arts & Crafts Store', 'pluralName': 'Arts & Crafts Stores', 'shortName': 'Arts & Crafts', 'icon': {'prefix': 'https://ss3.4sqi.net/img/categories_v2/shops/artstore_', 'suffix': '.png'}, 'primary': True}]",False,50e8a0c5e4b09c384292dc12,88 Pender St W Suite 1073,CA,Vancouver,Canada,,2380,"['88 Pender St W Suite 1073', 'Vancouver BC', 'Canada']","[{'label': 'display', 'lat': 49.28023748900084, 'lng': -123.1068320661716}]",49.28023748900084,-123.1068320661716,,BC,Marko's italian shoe doctor,v-1563626121,,-1.0
West End,"[{'id': '4bf58dd8d48988d1f8941735', 'name': 'Furniture / Home Store', 'pluralName': 'Furniture / Home Stores', 'shortName': 'Furniture / Home', 'icon': {'prefix': 'https://ss3.4sqi.net/img/categories_v2/shops/furniture_', 'suffix': '.png'}, 'primary': True}]",False,4d40d2caadb6236ad41a8c40,1028 Mainland Street,CA,Vancouver,Canada,,1687,"['1028 Mainland Street', 'Vancouver BC V6b2t4', 'Canada']","[{'label': 'display', 'lat': 49.27595330095783, 'lng': -123.11970382883372}]",49.27595330095783,-123.11970382883372,V6b2t4,BC,Italinteriors,v-1563626121,,-1.0
West End,"[{'id': '4bf58dd8d48988d110941735', 'name': 'Italian Restaurant', 'pluralName': 'Italian Restaurants', 'shortName': 'Italian', 'icon': {'prefix': 'https://ss3.4sqi.net/img/categories_v2/food/italian_', 'suffix': '.png'}, 'primary': True}]",False,4aa82da4f964a520db4f20e3,1136 Robson St,CA,Vancouver,Canada,btwn Bute and Thurlow,964,"['1136 Robson St (btwn Bute and Thurlow)', 'Vancouver BC V6E 1B2', 'Canada']","[{'label': 'display', 'lat': 49.285251035768425, 'lng': -123.12576475717985}]",49.285251035768425,-123.12576475717985,V6E 1B2,BC,Zefferelli's Spaghetti Joint,v-1563626121,,-1.0
West End,"[{'id': '4bf58dd8d48988d130941735', 'name': 'Building', 'pluralName': 'Buildings', 'shortName': 'Building', 'icon': {'prefix': 'https://ss3.4sqi.net/img/categories_v2/building/default_', 'suffix': '.png'}, 'primary': True}]",False,4f1630ebe4b09e58a5c643ca,500 - 510 W Hastings,CA,Vancouver,Canada,,2096,"['500 - 510 W Hastings', 'Vancouver BC', 'Canada']","[{'label': 'display', 'lat': 49.278558767573905, 'lng': -123.11154281061908}]",49.278558767573905,-123.11154281061908,,BC,Istituto Italiano di Cultura,v-1563626121,,-1.0
Renfrew-Collingwood,"[{'id': '4bf58dd8d48988d171941735', 'name': 'Event Space', 'pluralName': 'Event Spaces', 'shortName': 'Event Space', 'icon': {'prefix': 'https://ss3.4sqi.net/img/categories_v2/building/eventspace_', 'suffix': '.png'}, 'primary': True}]",False,4ae89c15f964a520cfb021e3,3065 Slocan Ave,CA,Vancouver,Canada,Grandview Highway,1592,"['3065 Slocan Ave (Grandview Highway)', 'Vancouver BC', 'Canada']","[{'label': 'display', 'lat': 49.25692811069469, 'lng': -123.05038229212333}]",49.25692811069469,-123.05038229212333,,BC,Italian Cultural Centre,v-1563626122,,-1.0
Renfrew-Collingwood,"[{'id': '4bf58dd8d48988d110941735', 'name': 'Italian Restaurant', 'pluralName': 'Italian Restaurants', 'shortName': 'Italian', 'icon': {'prefix': 'https://ss3.4sqi.net/img/categories_v2/food/italian_', 'suffix': '.png'}, 'primary': True}]",False,4d96a4ea61a3a1cd88e2a142,3075 Slocan Street,CA,Vancouver,Canada,,1607,"['3075 Slocan Street', 'Vancouver BC V5M 4A3', 'Canada']","[{'label': 'display', 'lat': 49.25730949949607, 'lng': -123.0499235781696}]",49.25730949949607,-123.0499235781696,V5M 4A3,BC,Dario Italian Restaurant,v-1563626122,,-1.0
Renfrew-Collingwood,"[{'id': '4bf58dd8d48988d1c4941735', 'name': 'Restaurant', 'pluralName': 'Restaurants', 'shortName': 'Restaurant', 'icon': {'prefix': 'https://ss3.4sqi.net/img/categories_v2/food/default_', 'suffix': '.png'}, 'primary': True}]",False,55ce418f498e381605eb29a3,3075 Slocan St,CA,Vancouver,Canada,,1516,"['3075 Slocan St', 'Vancouver BC V5M 3E4', 'Canada']","[{'label': 'display', 'lat': 49.256488, 'lng': -123.0495414}]",49.256488,-123.0495414,V5M 3E4,BC,La Piazza Dario Restaurante Italiano,v-1563626122,,-1.0
Hastings-Sunrise,"[{'id': '4bf58dd8d48988d110941735', 'name': 'Italian Restaurant', 'pluralName': 'Italian Restaurants', 'shortName': 'Italian', 'icon': {'prefix': 'https://ss3.4sqi.net/img/categories_v2/food/italian_', 'suffix': '.png'}, 'primary': True}]",False,4b285f43f964a520e29224e3,3296 E 1st Ave,CA,Vancouver,Canada,at Rupert St,43,"['3296 E 1st Ave (at Rupert St)', 'Vancouver BC V5M 1B8', 'Canada']","[{'label': 'display', 'lat': 49.26912795619459, 'lng': -123.03403454099174}]",49.26912795619459,-123.03403454099174,V5M 1B8,BC,Poor Italian Trattoria,v-1563626122,,-1.0
Hastings-Sunrise,"[{'id': '52f2ab2ebcbc57f1066b8b19', 'name': 'Gun Shop', 'pluralName': 'Gun Shops', 'shortName': 'Gun Shop', 'icon': {'prefix': 'https://ss3.4sqi.net/img/categories_v2/parks_outdoors/gun_', 'suffix': '.png'}, 'primary': True}]",False,4d0d481b3905b1f7d77c994b,804 Renfrew St,CA,Vancouver,Canada,,1202,"['804 Renfrew St', 'Vancouver BC V5K 4B6', 'Canada']","[{'label': 'display', 'lat': 49.277214, 'lng': -123.044127}]",49.277214,-123.044127,V5K 4B6,BC,Italian Sporting Goods,v-1563626122,,-1.0
Hastings-Sunrise,"[{'id': '4bf58dd8d48988d110941735', 'name': 'Italian Restaurant', 'pluralName': 'Italian Restaurants', 'shortName': 'Italian', 'icon': {'prefix': 'https://ss3.4sqi.net/img/categories_v2/food/italian_', 'suffix': '.png'}, 'primary': True}]",False,4bc925ff511f95212852adc7,3891 E Hastings St.,CA,Burnaby,Canada,at Ingleton Ave.,1754,"['3891 E Hastings St. (at Ingleton Ave.)', 'Burnaby BC V5C 2H7', 'Canada']","[{'label': 'display', 'lat': 49.28112107890376, 'lng': -123.01883159096586}]",49.28112107890376,-123.01883159096586,V5C 2H7,BC,L' Artista Italian Restaurant,v-1563626122,,-1.0
Hastings-Sunrise,"[{'id': '4bf58dd8d48988d171941735', 'name': 'Event Space', 'pluralName': 'Event Spaces', 'shortName': 'Event Space', 'icon': {'prefix': 'https://ss3.4sqi.net/img/categories_v2/building/eventspace_', 'suffix': '.png'}, 'primary': True}]",False,4ae89c15f964a520cfb021e3,3065 Slocan Ave,CA,Vancouver,Canada,Grandview Highway,1783,"['3065 Slocan Ave (Grandview Highway)', 'Vancouver BC', 'Canada']","[{'label': 'display', 'lat': 49.25692811069469, 'lng': -123.05038229212333}]",49.25692811069469,-123.05038229212333,,BC,Italian Cultural Centre,v-1563626122,,-1.0
Hastings-Sunrise,[],False,4b5b4df8f964a5201ff328e3,,CA,,Canada,,855,['Canada'],"[{'label': 'display', 'lat': 49.272515377181335, 'lng': -123.04410092768596}]",49.272515377181335,-123.04410092768596,,,Adelina's Italian Grocery,v-1563626122,,-1.0
Hastings-Sunrise,"[{'id': '4bf58dd8d48988d124941735', 'name': 'Office', 'pluralName': 'Offices', 'shortName': 'Office', 'icon': {'prefix': 'https://ss3.4sqi.net/img/categories_v2/building/default_', 'suffix': '.png'}, 'primary': True}]",False,51bb9befabd8d4c58608e853,3853 Hastings Street,CA,Burnaby,Canada,Ingleton,1732,"['3853 Hastings Street (Ingleton)', 'Burnaby BC V5C 2H7', 'Canada']","[{'label': 'display', 'lat': 49.28116031914952, 'lng': -123.01940917968751}]",49.28116031914952,-123.01940917968751,V5C 2H7,BC,Italian Directory,v-1563626122,62333749,-1.0
Hastings-Sunrise,"[{'id': '4bf58dd8d48988d15a941735', 'name': 'Garden', 'pluralName': 'Gardens', 'shortName': 'Garden', 'icon': {'prefix': 'https://ss3.4sqi.net/img/categories_v2/parks_outdoors/garden_', 'suffix': '.png'}, 'primary': True}]",False,4d65721e5a27b1f7ffafff5d,9-91 Renfrew St,CA,Vancouver,Canada,,1581,"['9-91 Renfrew St', 'Vancouver BC V5K 4A5', 'Canada']","[{'label': 'display', 'lat': 49.28132893170782, 'lng': -123.04398774103468}]",49.28132893170782,-123.04398774103468,V5K 4A5,BC,Il Giardino Italiano,v-1563626122,,-1.0
Hastings-Sunrise,"[{'id': '4bf58dd8d48988d110941735', 'name': 'Italian Restaurant', 'pluralName': 'Italian Restaurants', 'shortName': 'Italian', 'icon': {'prefix': 'https://ss3.4sqi.net/img/categories_v2/food/italian_', 'suffix': '.png'}, 'primary': True}]",False,4dc486c7d22dafda2f8debd5,2469 Hastings St. E.,CA,Vancouver,Canada,Kamloops St.,1834,"['2469 Hastings St. E. (Kamloops St.)', 'Vancouver BC V5K 1Y8', 'Canada']","[{'label': 'display', 'lat': 49.279308545523065, 'lng': -123.05323447487858}]",49.279308545523065,-123.05323447487858,V5K 1Y8,BC,Bianca-Maria Italian Foods,v-1563626122,,-1.0
Hastings-Sunrise,"[{'id': '4bf58dd8d48988d1ca941735', 'name': 'Pizza Place', 'pluralName': 'Pizza Places', 'shortName': 'Pizza', 'icon': {'prefix': 'https://ss3.4sqi.net/img/categories_v2/food/pizza_', 'suffix': '.png'}, 'primary': True}]",False,58b77f76109dfe053d1187c2,2638 East Hastings St,CA,Vancouver,Canada,Penticton,1849,"['2638 East Hastings St (Penticton)', 'Vancouver BC V5K 0A4', 'Canada']","[{'label': 'display', 'lat': 49.281006, 'lng': -123.05103}]",49.281006,-123.05103,V5K 0A4,BC,Al Buco Italian Pizza,v-1563626122,,-1.0
Hastings-Sunrise,"[{'id': '4bf58dd8d48988d110941735', 'name': 'Italian Restaurant', 'pluralName': 'Italian Restaurants', 'shortName': 'Italian', 'icon': {'prefix': 'https://ss3.4sqi.net/img/categories_v2/food/italian_', 'suffix': '.png'}, 'primary': True}]",False,4d96a4ea61a3a1cd88e2a142,3075 Slocan Street,CA,Vancouver,Canada,,1730,"['3075 Slocan Street', 'Vancouver BC V5M 4A3', 'Canada']","[{'label': 'display', 'lat': 49.25730949949607, 'lng': -123.0499235781696}]",49.25730949949607,-123.0499235781696,V5M 4A3,BC,Dario Italian Restaurant,v-1563626122,,-1.0
Hastings-Sunrise,"[{'id': '4bf58dd8d48988d1c4941735', 'name': 'Restaurant', 'pluralName': 'Restaurants', 'shortName': 'Restaurant', 'icon': {'prefix': 'https://ss3.4sqi.net/img/categories_v2/food/default_', 'suffix': '.png'}, 'primary': True}]",False,55ce418f498e381605eb29a3,3075 Slocan St,CA,Vancouver,Canada,,1780,"['3075 Slocan St', 'Vancouver BC V5M 3E4', 'Canada']","[{'label': 'display', 'lat': 49.256488, 'lng': -123.0495414}]",49.256488,-123.0495414,V5M 3E4,BC,La Piazza Dario Restaurante Italiano,v-1563626122,,-1.0
Kensington-Cedar Cottage,"[{'id': '4bf58dd8d48988d171941735', 'name': 'Event Space', 'pluralName': 'Event Spaces', 'shortName': 'Event Space', 'icon': {'prefix': 'https://ss3.4sqi.net/img/categories_v2/building/eventspace_', 'suffix': '.png'}, 'primary': True}]",False,4ae89c15f964a520cfb021e3,3065 Slocan Ave,CA,Vancouver,Canada,Grandview Highway,1672,"['3065 Slocan Ave (Grandview Highway)', 'Vancouver BC', 'Canada']","[{'label': 'display', 'lat': 49.25692811069469, 'lng': -123.05038229212333}]",49.25692811069469,-123.05038229212333,,BC,Italian Cultural Centre,v-1563626123,,-1.0
Kensington-Cedar Cottage,"[{'id': '4bf58dd8d48988d110941735', 'name': 'Italian Restaurant', 'pluralName': 'Italian Restaurants', 'shortName': 'Italian', 'icon': {'prefix': 'https://ss3.4sqi.net/img/categories_v2/food/italian_', 'suffix': '.png'}, 'primary': True}]",False,4d96a4ea61a3a1cd88e2a142,3075 Slocan Street,CA,Vancouver,Canada,,1726,"['3075 Slocan Street', 'Vancouver BC V5M 4A3', 'Canada']","[{'label': 'display', 'lat': 49.25730949949607, 'lng': -123.0499235781696}]",49.25730949949607,-123.0499235781696,V5M 4A3,BC,Dario Italian Restaurant,v-1563626123,,-1.0
Kensington-Cedar Cottage,"[{'id': '4bf58dd8d48988d1c4941735', 'name': 'Restaurant', 'pluralName': 'Restaurants', 'shortName': 'Restaurant', 'icon': {'prefix': 'https://ss3.4sqi.net/img/categories_v2/food/default_', 'suffix': '.png'}, 'primary': True}]",False,55ce418f498e381605eb29a3,3075 Slocan St,CA,Vancouver,Canada,,1673,"['3075 Slocan St', 'Vancouver BC V5M 3E4', 'Canada']","[{'label': 'display', 'lat': 49.256488, 'lng': -123.0495414}]",49.256488,-123.0495414,V5M 3E4,BC,La Piazza Dario Restaurante Italiano,v-1563626123,,-1.0
Strathcona,"[{'id': '4bf58dd8d48988d110941735', 'name': 'Italian Restaurant', 'pluralName': 'Italian Restaurants', 'shortName': 'Italian', 'icon': {'prefix': 'https://ss3.4sqi.net/img/categories_v2/food/italian_', 'suffix': '.png'}, 'primary': True}]",False,4dbf5ef81e72dd48b1f1a22c,765 Beatty Street,CA,Vancouver,Canada,btw Robson and Georgia,1788,"['765 Beatty Street (btw Robson and Georgia)', 'Vancouver BC V6B 2M4', 'Canada']","[{'label': 'display', 'lat': 49.27805152154088, 'lng': -123.11325794229262}]",49.27805152154088,-123.11325794229262,V6B 2M4,BC,Frankies Italian Kitchen,v-1563626124,,-1.0
Strathcona,"[{'id': '4bf58dd8d48988d16d941735', 'name': 'Café', 'pluralName': 'Cafés', 'shortName': 'Café', 'icon': {'prefix': 'https://ss3.4sqi.net/img/categories_v2/food/cafe_', 'suffix': '.png'}, 'primary': True}]",False,5525cd05498e7bd6f8284262,101 Robson St,CA,Vancouver,Canada,Beatty,1816,"['101 Robson St (Beatty)', 'Vancouver BC', 'Canada']","[{'label': 'display', 'lat': 49.27767942533999, 'lng': -123.11403646249565}]",49.27767942533999,-123.11403646249565,,BC,Sciue Italian Bakery And Caffee,v-1563626124,,-1.0
Strathcona,"[{'id': '4bf58dd8d48988d16d941735', 'name': 'Café', 'pluralName': 'Cafés', 'shortName': 'Café', 'icon': {'prefix': 'https://ss3.4sqi.net/img/categories_v2/food/cafe_', 'suffix': '.png'}, 'primary': True}]",False,4aa92e4df964a520525220e3,126 Davie St.,CA,Vancouver,Canada,btwn Pacific Blvd. & Marinaside Crescent,2142,"['126 Davie St. (btwn Pacific Blvd. & Marinaside Crescent)', 'Vancouver BC V6Z 2Y1', 'Canada']","[{'label': 'display', 'lat': 49.27360431864816, 'lng': -123.12102746915714}]",49.27360431864816,-123.12102746915714,V6Z 2Y1,BC,Sciué Italian Bakery Caffé,v-1563626124,,-1.0
Strathcona,[],False,557da51b498e1a9640244f08,,CA,Vancouver,Canada,,1647,"['Vancouver BC', 'Canada']","[{'label': 'display', 'lat': 49.26780795135773, 'lng': -123.06963658873987}]",49.26780795135773,-123.06963658873987,,BC,Italian Day commercial drive,v-1563626124,,-1.0
Strathcona,"[{'id': '4bf58dd8d48988d146941735', 'name': 'Deli / Bodega', 'pluralName': 'Delis / Bodegas', 'shortName': 'Deli / Bodega', 'icon': {'prefix': 'https://ss3.4sqi.net/img/categories_v2/food/deli_', 'suffix': '.png'}, 'primary': True}]",False,4f440db1e4b08c6c29a33de6,Princess,CA,Vancouver,Canada,Union,855,"['Princess (Union)', 'Vancouver BC', 'Canada']","[{'label': 'display', 'lat': 49.27750737720035, 'lng': -123.09166467497332}]",49.27750737720035,-123.09166467497332,,BC,Benny's italian,v-1563626124,,-1.0
Strathcona,"[{'id': '4bf58dd8d48988d1ff941735', 'name': 'Miscellaneous Shop', 'pluralName': 'Miscellaneous Shops', 'shortName': 'Shop', 'icon': {'prefix': 'https://ss3.4sqi.net/img/categories_v2/shops/default_', 'suffix': '.png'}, 'primary': True}]",False,4d3cbbe76e0aa1cd8ebbe52c,,CA,,Canada,,1486,['Canada'],"[{'label': 'display', 'lat': 49.279090572778045, 'lng': -123.10684857317382}]",49.279090572778045,-123.10684857317382,,,Italian Shoe Master,v-1563626124,,-1.0
Strathcona,"[{'id': '4bf58dd8d48988d111951735', 'name': 'Jewelry Store', 'pluralName': 'Jewelry Stores', 'shortName': 'Jewelry', 'icon': {'prefix': 'https://ss3.4sqi.net/img/categories_v2/shops/jewelry_', 'suffix': '.png'}, 'primary': True}]",False,5129bee6e4b096ae4d2327fd,,CA,,Canada,,1527,['Canada'],"[{'label': 'display', 'lat': 49.278870626284906, 'lng': -123.10792696736199}]",49.278870626284906,-123.10792696736199,,,Italian Diamond Factory,v-1563626124,,-1.0
Strathcona,"[{'id': '4bf58dd8d48988d124951735', 'name': 'Automotive Shop', 'pluralName': 'Automotive Shops', 'shortName': 'Automotive', 'icon': {'prefix': 'https://ss3.4sqi.net/img/categories_v2/shops/automotive_', 'suffix': '.png'}, 'primary': True}]",False,4dfbcc841f6e91394d352efb,620 Clarke Dr.,CA,Vancouver,Canada,,1741,"['620 Clarke Dr.', 'Vancouver BC V5L 3H8', 'Canada']","[{'label': 'display', 'lat': 49.281695, 'lng': -123.076489}]",49.281695,-123.076489,V5L 3H8,BC,Italian Motors Ltd.,v-1563626124,,-1.0
Strathcona,"[{'id': '4bf58dd8d48988d146941735', 'name': 'Deli / Bodega', 'pluralName': 'Delis / Bodegas', 'shortName': 'Deli / Bodega', 'icon': {'prefix': 'https://ss3.4sqi.net/img/categories_v2/food/deli_', 'suffix': '.png'}, 'primary': True}]",False,4f9f06f3e4b0614494d832ea,621 Main St,CA,,Canada,,1150,"['621 Main St', 'Canada']","[{'label': 'display', 'lat': 49.278884, 'lng': -123.099744}]",49.278884,-123.099744,,,Todo- Italian ingredient,v-1563626124,,-1.0
Strathcona,"[{'id': '4bf58dd8d48988d116941735', 'name': 'Bar', 'pluralName': 'Bars', 'shortName': 'Bar', 'icon': {'prefix': 'https://ss3.4sqi.net/img/categories_v2/nightlife/pub_', 'suffix': '.png'}, 'primary': True}]",False,526d9a8f498e5b63d9118a50,,CA,,Canada,,1663,['Canada'],"[{'label': 'display', 'lat': 49.27780358893573, 'lng': -123.11147870769443}]",49.27780358893573,-123.11147870769443,,,Frankie's Italian Kitchen + Bar,v-1563626124,,-1.0
Strathcona,"[{'id': '4bf58dd8d48988d127951735', 'name': 'Arts & Crafts Store', 'pluralName': 'Arts & Crafts Stores', 'shortName': 'Arts & Crafts', 'icon': {'prefix': 'https://ss3.4sqi.net/img/categories_v2/shops/artstore_', 'suffix': '.png'}, 'primary': True}]",False,50e8a0c5e4b09c384292dc12,88 Pender St W Suite 1073,CA,Vancouver,Canada,,1577,"['88 Pender St W Suite 1073', 'Vancouver BC', 'Canada']","[{'label': 'display', 'lat': 49.28023748900084, 'lng': -123.1068320661716}]",49.28023748900084,-123.1068320661716,,BC,Marko's italian shoe doctor,v-1563626124,,-1.0
Strathcona,"[{'id': '5032833091d4c4b30a586d60', 'name': 'Motorcycle Shop', 'pluralName': 'Motorcycle Shops', 'shortName': 'Motorcycle Shop', 'icon': {'prefix': 'https://ss3.4sqi.net/img/categories_v2/shops/motorcycle_', 'suffix': '.png'}, 'primary': True}]",False,4bd0afa677b29c74da438b82,1764 Powell Street,CA,Vancouver,Canada,,2347,"['1764 Powell Street', 'Vancouver BC', 'Canada']","[{'label': 'display', 'lat': 49.28413114798455, 'lng': -123.06835987820227}]",49.28413114798455,-123.06835987820227,,BC,British Italian Motorcycles,v-1563626124,,-1.0
Strathcona,"[{'id': '4bf58dd8d48988d1f8941735', 'name': 'Furniture / Home Store', 'pluralName': 'Furniture / Home Stores', 'shortName': 'Furniture / Home', 'icon': {'prefix': 'https://ss3.4sqi.net/img/categories_v2/shops/furniture_', 'suffix': '.png'}, 'primary': True}]",False,4d40d2caadb6236ad41a8c40,1028 Mainland Street,CA,Vancouver,Canada,,2117,"['1028 Mainland Street', 'Vancouver BC V6b2t4', 'Canada']","[{'label': 'display', 'lat': 49.27595330095783, 'lng': -123.11970382883372}]",49.27595330095783,-123.11970382883372,V6b2t4,BC,Italinteriors,v-1563626124,,-1.0
Strathcona,"[{'id': '4bf58dd8d48988d130941735', 'name': 'Building', 'pluralName': 'Buildings', 'shortName': 'Building', 'icon': {'prefix': 'https://ss3.4sqi.net/img/categories_v2/building/default_', 'suffix': '.png'}, 'primary': True}]",False,4f1630ebe4b09e58a5c643ca,500 - 510 W Hastings,CA,Vancouver,Canada,,1713,"['500 - 510 W Hastings', 'Vancouver BC', 'Canada']","[{'label': 'display', 'lat': 49.278558767573905, 'lng': -123.11154281061908}]",49.278558767573905,-123.11154281061908,,BC,Istituto Italiano di Cultura,v-1563626124,,-1.0
Strathcona,"[{'id': '4bf58dd8d48988d16d941735', 'name': 'Café', 'pluralName': 'Cafés', 'shortName': 'Café', 'icon': {'prefix': 'https://ss3.4sqi.net/img/categories_v2/food/cafe_', 'suffix': '.png'}, 'primary': True}]",False,4f71ee66e4b0880630c29750,1716 E. Hastings,CA,Vancouver,Canada,Commercial Drive,2039,"['1716 E. Hastings (Commercial Drive)', 'Vancouver BC V5L 1S9', 'Canada']","[{'label': 'display', 'lat': 49.28123233687998, 'lng': -123.07012566002663}]",49.28123233687998,-123.07012566002663,V5L 1S9,BC,Flavio Caffe Italiano,v-1563626124,,-1.0
Strathcona,"[{'id': '4bf58dd8d48988d110941735', 'name': 'Italian Restaurant', 'pluralName': 'Italian Restaurants', 'shortName': 'Italian', 'icon': {'prefix': 'https://ss3.4sqi.net/img/categories_v2/food/italian_', 'suffix': '.png'}, 'primary': True}]",False,4b722a80f964a52020722de3,1537 Commercial Drive,CA,Vancouver,Canada,,1612,"['1537 Commercial Drive', 'Vancouver BC V5L 3Y1', 'Canada']","[{'label': 'display', 'lat': 49.27090872824427, 'lng': -123.06997153087221}]",49.27090872824427,-123.06997153087221,V5L 3Y1,BC,Arriva Restaurante Italiano,v-1563626124,,-1.0
Strathcona,"[{'id': '4bf58dd8d48988d110941735', 'name': 'Italian Restaurant', 'pluralName': 'Italian Restaurants', 'shortName': 'Italian', 'icon': {'prefix': 'https://ss3.4sqi.net/img/categories_v2/food/italian_', 'suffix': '.png'}, 'primary': True}]",False,4d02ea3a28926ea81da162c2,656 West Broadway,CA,Vancouver,Canada,,2054,"['656 West Broadway', 'Vancouver BC V5Z 1G1', 'Canada']","[{'label': 'display', 'lat': 49.263337, 'lng': -123.118587}]",49.263337,-123.118587,V5Z 1G1,BC,Via Veneto Ristorante Italiano,v-1563626124,,-1.0
Grandview-Woodland,"[{'id': '52f2ab2ebcbc57f1066b8b19', 'name': 'Gun Shop', 'pluralName': 'Gun Shops', 'shortName': 'Gun Shop', 'icon': {'prefix': 'https://ss3.4sqi.net/img/categories_v2/parks_outdoors/gun_', 'suffix': '.png'}, 'primary': True}]",False,4d0d481b3905b1f7d77c994b,804 Renfrew St,CA,Vancouver,Canada,,1822,"['804 Renfrew St', 'Vancouver BC V5K 4B6', 'Canada']","[{'label': 'display', 'lat': 49.277214, 'lng': -123.044127}]",49.277214,-123.044127,V5K 4B6,BC,Italian Sporting Goods,v-1563626125,,-1.0
Grandview-Woodland,"[{'id': '4bf58dd8d48988d124951735', 'name': 'Automotive Shop', 'pluralName': 'Automotive Shops', 'shortName': 'Automotive', 'icon': {'prefix': 'https://ss3.4sqi.net/img/categories_v2/shops/automotive_', 'suffix': '.png'}, 'primary': True}]",False,4dfbcc841f6e91394d352efb,620 Clarke Dr.,CA,Vancouver,Canada,,593,"['620 Clarke Dr.', 'Vancouver BC V5L 3H8', 'Canada']","[{'label': 'display', 'lat': 49.281695, 'lng': -123.076489}]",49.281695,-123.076489,V5L 3H8,BC,Italian Motors Ltd.,v-1563626125,,-1.0
Grandview-Woodland,"[{'id': '5032833091d4c4b30a586d60', 'name': 'Motorcycle Shop', 'pluralName': 'Motorcycle Shops', 'shortName': 'Motorcycle Shop', 'icon': {'prefix': 'https://ss3.4sqi.net/img/categories_v2/shops/motorcycle_', 'suffix': '.png'}, 'primary': True}]",False,4bd0afa677b29c74da438b82,1764 Powell Street,CA,Vancouver,Canada,,284,"['1764 Powell Street', 'Vancouver BC', 'Canada']","[{'label': 'display', 'lat': 49.28413114798455, 'lng': -123.06835987820227}]",49.28413114798455,-123.06835987820227,,BC,British Italian Motorcycles,v-1563626125,,-1.0
Grandview-Woodland,[],False,557da51b498e1a9640244f08,,CA,Vancouver,Canada,,1535,"['Vancouver BC', 'Canada']","[{'label': 'display', 'lat': 49.26780795135773, 'lng': -123.06963658873987}]",49.26780795135773,-123.06963658873987,,BC,Italian Day commercial drive,v-1563626125,,-1.0
Grandview-Woodland,"[{'id': '4bf58dd8d48988d110941735', 'name': 'Italian Restaurant', 'pluralName': 'Italian Restaurants', 'shortName': 'Italian', 'icon': {'prefix': 'https://ss3.4sqi.net/img/categories_v2/food/italian_', 'suffix': '.png'}, 'primary': True}]",False,4dc486c7d22dafda2f8debd5,2469 Hastings St. E.,CA,Vancouver,Canada,Kamloops St.,1123,"['2469 Hastings St. E. (Kamloops St.)', 'Vancouver BC V5K 1Y8', 'Canada']","[{'label': 'display', 'lat': 49.279308545523065, 'lng': -123.05323447487858}]",49.279308545523065,-123.05323447487858,V5K 1Y8,BC,Bianca-Maria Italian Foods,v-1563626125,,-1.0
Grandview-Woodland,"[{'id': '4bf58dd8d48988d1ca941735', 'name': 'Pizza Place', 'pluralName': 'Pizza Places', 'shortName': 'Pizza', 'icon': {'prefix': 'https://ss3.4sqi.net/img/categories_v2/food/pizza_', 'suffix': '.png'}, 'primary': True}]",False,58b77f76109dfe053d1187c2,2638 East Hastings St,CA,Vancouver,Canada,Penticton,1256,"['2638 East Hastings St (Penticton)', 'Vancouver BC V5K 0A4', 'Canada']","[{'label': 'display', 'lat': 49.281006, 'lng': -123.05103}]",49.281006,-123.05103,V5K 0A4,BC,Al Buco Italian Pizza,v-1563626125,,-1.0
Grandview-Woodland,"[{'id': '4bf58dd8d48988d146941735', 'name': 'Deli / Bodega', 'pluralName': 'Delis / Bodegas', 'shortName': 'Deli / Bodega', 'icon': {'prefix': 'https://ss3.4sqi.net/img/categories_v2/food/deli_', 'suffix': '.png'}, 'primary': True}]",False,4f440db1e4b08c6c29a33de6,Princess,CA,Vancouver,Canada,Union,1755,"['Princess (Union)', 'Vancouver BC', 'Canada']","[{'label': 'display', 'lat': 49.27750737720035, 'lng': -123.09166467497332}]",49.27750737720035,-123.09166467497332,,BC,Benny's italian,v-1563626125,,-1.0
Grandview-Woodland,"[{'id': '4bf58dd8d48988d15a941735', 'name': 'Garden', 'pluralName': 'Gardens', 'shortName': 'Garden', 'icon': {'prefix': 'https://ss3.4sqi.net/img/categories_v2/parks_outdoors/garden_', 'suffix': '.png'}, 'primary': True}]",False,4d65721e5a27b1f7ffafff5d,9-91 Renfrew St,CA,Vancouver,Canada,,1766,"['9-91 Renfrew St', 'Vancouver BC V5K 4A5', 'Canada']","[{'label': 'display', 'lat': 49.28132893170782, 'lng': -123.04398774103468}]",49.28132893170782,-123.04398774103468,V5K 4A5,BC,Il Giardino Italiano,v-1563626125,,-1.0
Grandview-Woodland,[],False,4b5b4df8f964a5201ff328e3,,CA,,Canada,,2026,['Canada'],"[{'label': 'display', 'lat': 49.272515377181335, 'lng': -123.04410092768596}]",49.272515377181335,-123.04410092768596,,,Adelina's Italian Grocery,v-1563626125,,-1.0
Grandview-Woodland,"[{'id': '4bf58dd8d48988d16d941735', 'name': 'Café', 'pluralName': 'Cafés', 'shortName': 'Café', 'icon': {'prefix': 'https://ss3.4sqi.net/img/categories_v2/food/cafe_', 'suffix': '.png'}, 'primary': True}]",False,4f71ee66e4b0880630c29750,1716 E. Hastings,CA,Vancouver,Canada,Commercial Drive,136,"['1716 E. Hastings (Commercial Drive)', 'Vancouver BC V5L 1S9', 'Canada']","[{'label': 'display', 'lat': 49.28123233687998, 'lng': -123.07012566002663}]",49.28123233687998,-123.07012566002663,V5L 1S9,BC,Flavio Caffe Italiano,v-1563626125,,-1.0
Grandview-Woodland,"[{'id': '4bf58dd8d48988d146941735', 'name': 'Deli / Bodega', 'pluralName': 'Delis / Bodegas', 'shortName': 'Deli / Bodega', 'icon': {'prefix': 'https://ss3.4sqi.net/img/categories_v2/food/deli_', 'suffix': '.png'}, 'primary': True}]",False,4f9f06f3e4b0614494d832ea,621 Main St,CA,,Canada,,2302,"['621 Main St', 'Canada']","[{'label': 'display', 'lat': 49.278884, 'lng': -123.099744}]",49.278884,-123.099744,,,Todo- Italian ingredient,v-1563626125,,-1.0
Grandview-Woodland,"[{'id': '4bf58dd8d48988d110941735', 'name': 'Italian Restaurant', 'pluralName': 'Italian Restaurants', 'shortName': 'Italian', 'icon': {'prefix': 'https://ss3.4sqi.net/img/categories_v2/food/italian_', 'suffix': '.png'}, 'primary': True}]",False,4b722a80f964a52020722de3,1537 Commercial Drive,CA,Vancouver,Canada,,1193,"['1537 Commercial Drive', 'Vancouver BC V5L 3Y1', 'Canada']","[{'label': 'display', 'lat': 49.27090872824427, 'lng': -123.06997153087221}]",49.27090872824427,-123.06997153087221,V5L 3Y1,BC,Arriva Restaurante Italiano,v-1563626125,,-1.0
